# Generated by Steam Audio
mtllib Disconnect.mtl
v -35.057541 7.792829 24.727737
v -35.057541 4.230297 24.727737
v -35.057541 4.230297 23.877571
v -35.057541 7.792829 23.877571
v -35.119480 4.230298 23.130360
v -35.119480 7.792829 23.130360
v -35.301037 4.230298 22.304159
v -35.301037 7.792829 22.304159
v -35.591946 4.230298 21.448994
v -35.591946 7.792829 21.448990
v -35.971058 4.230298 20.629107
v -35.971058 7.792829 20.629108
v -36.408337 4.230298 19.907328
v -36.408337 7.792829 19.907330
v -36.722595 4.230298 19.525925
v -36.722595 7.792829 19.525927
v -36.581112 7.792829 19.384453
v -36.581112 4.230298 19.384453
v -36.244911 4.230298 19.791109
v -36.244911 7.792829 19.791109
v -35.794216 4.230298 20.535023
v -35.794216 7.792829 20.535025
v -35.405991 4.230298 21.374611
v -35.405991 7.792829 21.374611
v -35.108093 4.230298 22.250328
v -35.108093 7.792829 22.250328
v -34.921265 7.792829 23.100498
v -34.921265 4.230297 23.100498
v -34.857544 7.792829 23.869297
v -34.857544 4.230297 23.869295
v -34.857544 7.792829 24.727737
v -34.857544 4.230297 24.727737
v -36.757492 0.980297 7.115294
v -36.757492 5.480302 7.115294
v -20.757542 5.480302 7.115294
v -20.757542 0.980297 7.115294
v -20.757542 0.980300 13.115288
v -20.757542 0.580305 13.115288
v -36.757542 0.580305 13.115288
v -36.757542 0.980300 13.115288
v -36.757542 0.980300 10.865286
v -20.757542 0.980300 13.115288
v -36.757542 0.980300 13.115288
v -20.757542 0.980300 10.865286
v -36.757496 0.980300 7.365284
v -20.757542 0.980300 7.365284
v -36.757496 0.980300 7.115284
v -20.757542 0.980300 7.115284
v -36.757542 3.430302 10.865288
v -36.757542 0.980298 10.865286
v -36.757542 0.980298 13.115282
v -36.757542 5.480300 13.115284
v -36.757492 3.430302 7.365288
v -36.757492 5.480301 7.115286
v -36.757492 0.980298 7.365288
v -36.757492 0.980298 7.115284
v -20.757544 3.430302 10.865288
v -20.757544 0.980298 13.115282
v -20.757544 0.980298 10.865286
v -20.757544 5.480300 13.115284
v -20.757544 3.430302 7.365288
v -20.757544 5.480301 7.115286
v -20.757544 0.980298 7.365288
v -20.757544 0.980298 7.115284
v -36.339657 0.580303 15.865210
v -36.509041 0.580303 16.716761
v -36.339657 0.580303 17.568308
v -35.857296 0.580302 15.143303
v -35.857296 0.580303 18.290215
v -35.135387 0.580302 14.660940
v -35.135387 0.580303 18.772577
v -34.283836 0.580302 14.491556
v -34.283836 0.580303 18.941961
v -33.432289 0.580302 14.660940
v -33.432289 0.580303 18.772577
v -32.710381 0.580302 15.143303
v -32.710381 0.580303 18.290215
v -32.228020 0.580303 15.865210
v -32.228020 0.580303 17.568308
v -32.058636 0.580303 16.716761
v -36.339657 0.994753 17.568308
v -36.509041 0.994753 16.716761
v -36.339657 0.994752 15.865210
v -35.857296 0.994753 18.290215
v -35.857296 0.994752 15.143303
v -35.135387 0.994753 18.772577
v -35.135387 0.994752 14.660940
v -34.283836 0.994753 18.941961
v -34.283836 0.994752 14.491556
v -33.432289 0.994753 18.772577
v -33.432289 0.994752 14.660940
v -32.710381 0.994753 18.290215
v -32.710381 0.994752 15.143303
v -32.228020 0.994753 17.568308
v -32.228020 0.994752 15.865210
v -32.058636 0.994753 16.716761
v -33.432289 0.580302 14.660940
v -34.283836 0.994752 14.491556
v -34.283836 0.580302 14.491556
v -33.432289 0.994752 14.660940
v -32.710381 0.580302 15.143303
v -32.710381 0.994752 15.143303
v -32.228020 0.580303 15.865210
v -32.228020 0.994752 15.865210
v -32.058636 0.580303 16.716761
v -32.058636 0.994753 16.716761
v -32.228020 0.580303 17.568308
v -32.228020 0.994753 17.568308
v -32.710381 0.580303 18.290215
v -32.710381 0.994753 18.290215
v -33.432289 0.580303 18.772577
v -33.432289 0.994753 18.772577
v -34.283836 0.580303 18.941961
v -33.432289 0.994753 18.772577
v -33.432289 0.580303 18.772577
v -34.283836 0.994753 18.941961
v -35.135387 0.580303 18.772577
v -35.135387 0.994753 18.772577
v -35.857296 0.580303 18.290215
v -35.857296 0.994753 18.290215
v -36.339657 0.580303 17.568308
v -36.339657 0.994753 17.568308
v -36.509041 0.580303 16.716761
v -36.509041 0.994753 16.716761
v -36.339657 0.580303 15.865210
v -36.339657 0.994752 15.865210
v -35.857296 0.580302 15.143303
v -35.857296 0.994752 15.143303
v -35.135387 0.580302 14.660940
v -35.135387 0.994752 14.660940
v -34.283836 0.580302 14.491556
v -34.283836 0.994752 14.491556
v -36.339657 0.580303 15.865210
v -36.339657 0.994752 15.865210
v -35.135387 0.580303 18.772577
v -35.135387 0.994753 18.772577
v -33.432289 0.994752 14.660940
v -33.432289 0.580302 14.660940
v -32.228020 0.580303 17.568308
v -32.228020 0.994753 17.568308
v -25.295074 0.580303 15.865210
v -25.464458 0.580303 16.716761
v -25.295074 0.580303 17.568308
v -24.812714 0.580302 15.143303
v -24.812714 0.580303 18.290215
v -24.090805 0.580302 14.660940
v -24.090805 0.580303 18.772577
v -23.239254 0.580302 14.491556
v -23.239254 0.580303 18.941961
v -22.387707 0.580302 14.660940
v -22.387707 0.580303 18.772577
v -21.665798 0.580302 15.143303
v -21.665798 0.580303 18.290215
v -21.183437 0.580303 15.865210
v -21.183437 0.580303 17.568308
v -21.014053 0.580303 16.716761
v -25.295074 0.994753 17.568308
v -25.464458 0.994753 16.716761
v -25.295074 0.994752 15.865210
v -24.812714 0.994753 18.290215
v -24.812714 0.994752 15.143303
v -24.090805 0.994753 18.772577
v -24.090805 0.994752 14.660940
v -23.239254 0.994753 18.941961
v -23.239254 0.994752 14.491556
v -22.387707 0.994753 18.772577
v -22.387707 0.994752 14.660940
v -21.665798 0.994753 18.290215
v -21.665798 0.994752 15.143303
v -21.183437 0.994753 17.568308
v -21.183437 0.994752 15.865210
v -21.014053 0.994753 16.716761
v -22.387707 0.580302 14.660940
v -23.239254 0.994752 14.491556
v -23.239254 0.580302 14.491556
v -22.387707 0.994752 14.660940
v -21.665798 0.580302 15.143303
v -21.665798 0.994752 15.143303
v -21.183437 0.580303 15.865210
v -21.183437 0.994752 15.865210
v -21.014053 0.580303 16.716761
v -21.014053 0.994753 16.716761
v -21.183437 0.580303 17.568308
v -21.183437 0.994753 17.568308
v -21.665798 0.580303 18.290215
v -21.665798 0.994753 18.290215
v -22.387707 0.580303 18.772577
v -22.387707 0.994753 18.772577
v -23.239254 0.580303 18.941961
v -22.387707 0.994753 18.772577
v -22.387707 0.580303 18.772577
v -23.239254 0.994753 18.941961
v -24.090805 0.580303 18.772577
v -24.090805 0.994753 18.772577
v -24.812714 0.580303 18.290215
v -24.812714 0.994753 18.290215
v -25.295074 0.580303 17.568308
v -25.295074 0.994753 17.568308
v -25.464458 0.580303 16.716761
v -25.464458 0.994753 16.716761
v -25.295074 0.580303 15.865210
v -25.295074 0.994752 15.865210
v -24.812714 0.580302 15.143303
v -24.812714 0.994752 15.143303
v -24.090805 0.580302 14.660940
v -24.090805 0.994752 14.660940
v -23.239254 0.580302 14.491556
v -23.239254 0.994752 14.491556
v -25.295074 0.580303 15.865210
v -25.295074 0.994752 15.865210
v -24.090805 0.580303 18.772577
v -24.090805 0.994753 18.772577
v -22.387707 0.994752 14.660940
v -22.387707 0.580302 14.660940
v -21.183437 0.580303 17.568308
v -21.183437 0.994753 17.568308
v -31.757540 -0.519693 32.415230
v -31.757540 0.180297 32.415230
v -33.757545 -0.519693 32.415230
v -31.757540 -0.519693 36.415234
v -31.757540 3.680299 36.415234
v -33.757545 3.680299 36.415234
v -33.757545 -0.519693 36.415234
v -31.757540 3.680299 36.415234
v -31.757540 3.680300 28.415230
v -41.757538 3.680300 28.415230
v -33.757545 3.680299 36.415234
v -41.757538 3.680299 42.415230
v -33.757545 3.680299 36.715229
v -31.757540 3.680299 42.415230
v -31.757540 3.680299 36.715229
v -41.757538 3.680300 28.415230
v -31.757540 3.680300 28.415230
v -31.757540 -0.519692 28.415230
v -41.757538 -0.519692 28.415230
v -33.757545 -0.519693 36.415234
v -33.757545 3.680299 36.415234
v -33.757545 3.680299 36.715229
v -33.757545 -0.519693 36.715225
v -33.757545 -0.519693 36.715225
v -33.757545 3.680299 36.715229
v -31.757540 3.680299 36.715229
v -31.757540 -0.519693 36.715225
v -31.757540 -0.519694 42.415230
v -31.757540 -0.519693 36.715225
v -31.757540 3.680299 36.715229
v -31.757540 3.680299 42.415230
v -41.757538 -0.519694 42.415230
v -41.757538 3.680299 42.415230
v -41.757538 3.680300 28.415230
v -41.757538 -0.519692 28.415230
v -40.757542 -0.519694 42.415230
v -41.757538 3.680299 42.415230
v -41.757538 -0.519694 42.415230
v -40.757542 3.080298 42.415230
v -38.757545 -0.519694 42.415230
v -38.757545 3.080298 42.415230
v -31.757540 3.680299 42.415230
v -31.757540 -0.519694 42.415230
v -31.757540 -0.519693 32.415230
v -31.757540 -0.519692 28.415230
v -31.757540 0.180298 28.415230
v -31.757540 0.180297 32.415230
v -19.125753 0.626757 21.489323
v -19.417736 0.776760 21.684414
v -19.417736 0.626758 21.684414
v -19.125753 0.776760 21.489323
v -18.781338 0.626757 21.420815
v -18.781338 0.776760 21.420815
v -18.681337 0.626757 21.420815
v -18.681337 0.176761 21.420815
v -18.781338 0.176761 21.420815
v -18.681337 0.776760 21.420815
v -18.781338 1.576761 21.420815
v -18.681337 1.576761 21.420815
v -18.781338 1.653293 21.436033
v -18.681337 1.653293 21.436033
v -18.781338 1.718181 21.479393
v -18.681337 1.718181 21.479393
v -19.944939 0.626757 25.657206
v -19.944939 0.776760 25.657206
v -20.236919 0.776760 25.852306
v -20.236919 0.626757 25.852306
v -20.581337 0.776760 25.920815
v -20.581337 0.626757 25.920815
v -25.081337 0.626757 25.920813
v -25.081337 0.776760 25.920813
v -25.425756 0.626757 25.989319
v -25.425756 0.776760 25.989319
v -25.717731 0.626757 26.184414
v -25.717731 0.776760 26.184414
v -19.417736 0.626758 21.684414
v -19.417736 0.776760 21.684414
v -19.612829 0.776761 21.976395
v -19.612829 0.626758 21.976395
v -19.681337 0.776761 22.320814
v -19.681337 0.626758 22.320814
v -19.681337 0.776760 25.020813
v -19.681337 0.626757 25.020813
v -19.749846 0.776760 25.365231
v -19.749846 0.626757 25.365231
v -19.944939 0.776760 25.657206
v -19.944939 0.626757 25.657206
v -18.781338 0.776760 21.420815
v -18.781338 1.576761 21.420815
v -18.781338 1.653293 21.436033
v -18.781338 1.718181 21.479393
v -18.781338 1.761532 21.544273
v -18.781338 1.776761 21.620813
v -18.781338 0.776760 25.020813
v -18.781338 1.776760 25.020813
v -18.918352 0.776760 25.709641
v -18.918352 1.776760 25.709641
v -19.308546 0.776760 26.293606
v -19.308546 1.776760 26.293606
v -25.981339 1.576760 26.820812
v -25.981339 0.776760 26.820812
v -20.581337 0.776760 26.820814
v -20.581337 1.776760 26.820814
v -25.966118 1.653293 26.820812
v -25.922760 1.718181 26.820812
v -25.857878 1.761532 26.820812
v -25.781338 1.776760 26.820812
v -19.892509 1.776760 26.683800
v -19.892509 0.776760 26.683800
v -19.308546 1.776760 26.293606
v -19.308546 0.776760 26.293606
v -25.981339 0.776760 26.820812
v -25.912830 0.776760 26.476395
v -25.717731 0.776760 26.184414
v -25.425756 0.776760 25.989319
v -25.081337 0.776760 25.920813
v -20.581337 0.776760 26.820814
v -20.581337 0.776760 25.920815
v -19.892509 0.776760 26.683800
v -20.236919 0.776760 25.852306
v -19.308546 0.776760 26.293606
v -19.944939 0.776760 25.657206
v -18.918352 0.776760 25.709641
v -19.749846 0.776760 25.365231
v -18.781338 0.776760 25.020813
v -19.681337 0.776760 25.020813
v -19.125753 0.776760 21.489323
v -18.781338 0.776760 21.420815
v -19.417736 0.776760 21.684414
v -19.612829 0.776761 21.976395
v -19.681337 0.776761 22.320814
v -25.912830 0.626757 26.476395
v -25.717731 0.626757 26.184414
v -25.717731 0.776760 26.184414
v -25.912830 0.776760 26.476395
v -25.981339 0.626757 26.820812
v -25.981339 0.776760 26.820812
v -25.981339 0.626757 26.920813
v -25.981339 0.176760 26.920813
v -25.981339 0.176760 26.820812
v -25.981339 0.776760 26.920813
v -25.981339 1.576760 26.820812
v -25.981339 1.576760 26.920813
v -25.966118 1.653293 26.920813
v -25.966118 1.653293 26.820812
v -25.922760 1.718181 26.920813
v -25.922760 1.718181 26.820812
v -25.922760 1.718181 26.820812
v -25.857878 1.761532 26.920813
v -25.922760 1.718181 26.920813
v -25.857878 1.761532 26.820812
v -25.781338 1.776760 26.920813
v -25.781338 1.776760 26.820812
v -20.581337 1.776760 26.820814
v -20.581337 1.776760 26.920792
v -19.892509 1.776760 26.683800
v -19.854244 1.776760 26.776167
v -19.308546 1.776760 26.293606
v -19.237850 1.776760 26.364302
v -18.918352 1.776760 25.709641
v -18.825983 1.776760 25.747908
v -18.781338 1.776760 25.020813
v -18.681353 1.776760 25.020813
v -18.681337 1.776761 21.620813
v -18.781338 1.776761 21.620813
v -18.681337 1.761532 21.544273
v -18.781338 1.761532 21.544273
v -18.681337 1.718181 21.479393
v -18.781338 1.718181 21.479393
v -19.679199 0.626757 25.394493
v -19.890871 0.651762 25.711279
v -19.890871 0.626757 25.711279
v -19.679199 0.651762 25.394493
v -19.606335 0.626757 25.028202
v -19.606335 0.651762 25.028202
v -19.606335 0.626758 22.328201
v -19.606335 0.651763 22.328201
v -19.542177 0.626758 22.005665
v -19.542177 0.651763 22.005665
v -19.363663 0.626758 21.738487
v -19.363663 0.651763 21.738487
v -25.818630 0.176760 26.515413
v -25.645639 0.176760 26.256512
v -25.645639 0.626757 26.256512
v -25.818630 0.626757 26.515413
v -25.881338 0.176760 26.830662
v -25.881338 0.626757 26.830662
v -18.771488 0.176761 21.520813
v -18.771488 0.626757 21.520813
v -19.086739 0.626758 21.583521
v -19.086739 0.176761 21.583521
v -19.345638 0.626758 21.756512
v -19.345638 0.176761 21.756512
v -25.645639 0.176760 26.256512
v -25.386730 0.626757 26.083519
v -25.645639 0.626757 26.256512
v -25.386730 0.176760 26.083519
v -25.071489 0.626757 26.020813
v -25.071489 0.176760 26.020813
v -20.571487 0.626757 26.020813
v -20.571487 0.176760 26.020813
v -20.197903 0.176760 25.946507
v -20.197903 0.626757 25.946507
v -19.872847 0.176760 25.729303
v -19.872847 0.626757 25.729303
v -19.655645 0.176760 25.404247
v -19.872847 0.626757 25.729303
v -19.872847 0.176760 25.729303
v -19.655645 0.626757 25.404247
v -19.581337 0.176760 25.030663
v -19.581337 0.626757 25.030663
v -19.581337 0.176761 22.330664
v -19.581337 0.626758 22.330664
v -19.518631 0.176761 22.015413
v -19.518631 0.626758 22.015413
v -19.345638 0.176761 21.756512
v -19.345638 0.626758 21.756512
v -19.926914 0.626757 25.675230
v -19.926914 0.651762 25.675230
v -19.726297 0.651762 25.374981
v -19.726297 0.626757 25.374981
v -19.656340 0.651762 25.023273
v -19.656340 0.626757 25.023273
v -19.656340 0.651763 22.323273
v -19.656340 0.626758 22.323273
v -19.589275 0.651763 21.986153
v -19.589275 0.626758 21.986153
v -19.399712 0.651763 21.702438
v -19.399712 0.626758 21.702438
v -25.396488 0.626757 26.059967
v -25.663664 0.651762 26.238487
v -25.663664 0.626757 26.238487
v -25.396488 0.651762 26.059967
v -25.073950 0.626757 25.995815
v -25.073950 0.651762 25.995815
v -20.573950 0.626757 25.995815
v -20.573950 0.651762 25.995815
v -20.207659 0.626757 25.922951
v -20.207659 0.651762 25.922951
v -19.890871 0.626757 25.711279
v -19.890871 0.651762 25.711279
v -25.699713 0.626757 26.202438
v -25.699713 0.651762 26.202438
v -25.416000 0.651762 26.012875
v -25.416000 0.626757 26.012875
v -25.078876 0.651762 25.945812
v -25.078876 0.626757 25.945812
v -20.578876 0.651762 25.945812
v -20.578876 0.626757 25.945812
v -20.227171 0.651762 25.875853
v -20.227171 0.626757 25.875853
v -19.926914 0.651762 25.675230
v -19.926914 0.626757 25.675230
v -18.803511 0.626757 21.450710
v -18.803511 0.651762 21.450710
v -18.798590 0.651763 21.500715
v -18.798590 0.626758 21.500715
v -18.771488 0.176761 21.520813
v -18.781338 0.176761 21.420815
v -18.781338 0.626757 21.420815
v -18.771488 0.626757 21.520813
v -25.981339 0.176760 26.820812
v -25.881338 0.176760 26.830662
v -25.881338 0.626757 26.830662
v -25.981339 0.626757 26.820812
v -25.981339 0.626757 27.020813
v -25.981339 0.176760 27.120813
v -25.981339 0.176760 27.020813
v -25.981339 0.626757 27.120813
v -25.981339 0.776760 27.020813
v -25.981339 0.776760 27.120813
v -25.981339 1.576760 27.020813
v -25.981339 1.576760 27.120813
v -25.966118 1.653293 27.120813
v -25.966118 1.653293 27.020813
v -25.922760 1.718181 27.120813
v -25.922760 1.718181 27.020813
v -25.922760 1.718181 27.020813
v -25.857878 1.761532 27.120813
v -25.922760 1.718181 27.120813
v -25.857878 1.761532 27.020813
v -25.781338 1.776760 27.120813
v -25.781338 1.776760 27.020813
v -20.581337 1.776760 27.020792
v -20.581337 1.776760 27.120777
v -18.481375 1.776760 27.120779
v -19.754244 1.776760 26.876167
v -19.137850 1.776760 26.464302
v -18.725985 1.776760 25.847908
v -18.581352 1.776760 25.020813
v -18.481375 1.776760 25.020813
v -18.481337 1.776761 21.620813
v -18.581337 1.776761 21.620813
v -18.481337 1.761532 21.544273
v -18.581337 1.761532 21.544273
v -18.481337 1.718181 21.479393
v -18.581337 1.718181 21.479393
v -18.581337 1.718181 21.479393
v -18.481337 1.653293 21.436033
v -18.481337 1.718181 21.479393
v -18.581337 1.653293 21.436033
v -18.481337 1.576761 21.420815
v -18.581337 1.576761 21.420815
v -18.481337 0.776760 21.420815
v -18.581337 0.776760 21.420815
v -18.481337 0.626757 21.420815
v -18.581337 0.626757 21.420815
v -18.481337 0.176761 21.420815
v -18.581337 0.176761 21.420815
v -19.754244 1.776760 26.876167
v -19.137850 1.751761 26.464302
v -19.137850 1.776760 26.464302
v -19.754244 1.751761 26.876167
v -20.581337 1.776760 27.020792
v -20.581337 1.751761 27.020794
v -25.781338 1.776760 27.020813
v -25.778877 1.751761 27.020813
v -25.857878 1.761532 27.020813
v -25.848122 1.737986 27.020813
v -25.922760 1.718181 27.020813
v -25.904736 1.700156 27.020813
v -25.966118 1.653293 27.020813
v -25.942564 1.643543 27.020813
v -25.981339 1.576760 27.020813
v -25.956341 1.574299 27.020813
v -25.981339 0.776760 27.020813
v -25.956341 0.776760 27.020813
v -25.981339 0.626757 27.020813
v -25.956341 0.626757 27.020813
v -25.981339 0.176760 27.020813
v -25.956341 0.176760 27.020813
v -19.137850 1.776760 26.464302
v -19.137850 1.751761 26.464302
v -18.725985 1.751761 25.847908
v -18.725985 1.776760 25.847908
v -18.581352 1.751761 25.020813
v -18.581352 1.776760 25.020813
v -18.581337 1.751763 21.623276
v -18.581337 1.776761 21.620813
v -18.581337 1.737987 21.554031
v -18.581337 1.761532 21.544273
v -18.581337 1.700156 21.497417
v -18.581337 1.718181 21.479393
v -18.581337 1.643543 21.459587
v -18.581337 1.653293 21.436033
v -18.581337 1.574301 21.445812
v -18.581337 1.576761 21.420815
v -18.581337 0.776760 21.445812
v -18.581337 0.776760 21.420815
v -18.581337 0.626757 21.445812
v -18.581337 0.626757 21.420815
v -18.581337 0.176761 21.445812
v -18.581337 0.176761 21.420815
v -25.981339 0.626757 26.920813
v -25.956341 0.176760 26.920813
v -25.981339 0.176760 26.920813
v -25.956341 0.626757 26.920813
v -25.981339 0.776760 26.920813
v -25.956341 0.776760 26.920813
v -25.981339 1.576760 26.920813
v -25.956341 1.574299 26.920815
v -25.966118 1.653293 26.920813
v -25.942564 1.643543 26.920813
v -25.922760 1.718181 26.920813
v -25.904736 1.700156 26.920813
v -25.857878 1.761532 26.920813
v -25.848122 1.737986 26.920813
v -25.781338 1.776760 26.920813
v -25.778877 1.751761 26.920815
v -20.581337 1.776760 26.920792
v -20.581337 1.751761 26.920792
v -19.854244 1.776760 26.776167
v -19.854244 1.751761 26.776169
v -19.237850 1.776760 26.364302
v -19.237850 1.751761 26.364304
v -18.681337 0.176761 21.420815
v -18.681337 0.176761 21.445812
v -18.681337 0.626757 21.445812
v -18.681337 0.626757 21.420815
v -18.681337 0.776760 21.445812
v -18.681337 0.776760 21.420815
v -18.681337 1.574301 21.445812
v -18.681337 1.576761 21.420815
v -18.681337 1.643543 21.459587
v -18.681337 1.653293 21.436033
v -18.681337 1.700156 21.497417
v -18.681337 1.718181 21.479393
v -18.681337 1.737987 21.554031
v -18.681337 1.761532 21.544273
v -18.681337 1.751763 21.623276
v -18.681337 1.776761 21.620813
v -18.681353 1.751761 25.020813
v -18.681353 1.776760 25.020813
v -18.825983 1.751761 25.747910
v -18.825983 1.776760 25.747908
v -19.237850 1.751761 26.364304
v -19.237850 1.776760 26.364302
v -25.951441 0.626757 26.798634
v -25.951441 0.651762 26.798634
v -25.889278 0.651762 26.486153
v -25.889278 0.626757 26.486153
v -25.699713 0.651762 26.202438
v -25.699713 0.626757 26.202438
v -25.842178 0.626757 26.505665
v -25.901436 0.651762 26.803560
v -25.901436 0.626757 26.803560
v -25.842178 0.651762 26.505665
v -25.663664 0.626757 26.238487
v -25.663664 0.651762 26.238487
v -19.399712 0.626758 21.702438
v -19.399712 0.651763 21.702438
v -19.115997 0.651763 21.512875
v -19.115997 0.626758 21.512875
v -18.803511 0.651762 21.450710
v -18.803511 0.626757 21.450710
v -19.096487 0.626757 21.559975
v -19.363663 0.651763 21.738487
v -19.363663 0.626758 21.738487
v -19.096487 0.651762 21.559975
v -18.798590 0.626758 21.500715
v -18.798590 0.651763 21.500715
v -25.901436 0.626757 26.803560
v -25.901436 0.651762 26.803560
v -25.951441 0.651762 26.798634
v -25.951441 0.626757 26.798634
v -25.901436 0.626757 26.803560
v -25.881338 0.626757 26.830662
v -25.818630 0.626757 26.515413
v -25.842178 0.626757 26.505665
v -25.951441 0.626757 26.798634
v -25.645639 0.626757 26.256512
v -25.981339 0.626757 26.820812
v -25.663664 0.626757 26.238487
v -25.889278 0.626757 26.486153
v -25.386730 0.626757 26.083519
v -25.912830 0.626757 26.476395
v -25.396488 0.626757 26.059967
v -25.699713 0.626757 26.202438
v -25.071489 0.626757 26.020813
v -25.717731 0.626757 26.184414
v -25.073950 0.626757 25.995815
v -25.416000 0.626757 26.012875
v -20.571487 0.626757 26.020813
v -25.425756 0.626757 25.989319
v -20.573950 0.626757 25.995815
v -25.078876 0.626757 25.945812
v -20.197903 0.626757 25.946507
v -25.081337 0.626757 25.920813
v -20.207659 0.626757 25.922951
v -20.578876 0.626757 25.945812
v -19.872847 0.626757 25.729303
v -20.581337 0.626757 25.920815
v -19.890871 0.626757 25.711279
v -20.227171 0.626757 25.875853
v -19.655645 0.626757 25.404247
v -20.236919 0.626757 25.852306
v -19.679199 0.626757 25.394493
v -19.926914 0.626757 25.675230
v -19.581337 0.626757 25.030663
v -19.944939 0.626757 25.657206
v -19.606335 0.626757 25.028202
v -19.726297 0.626757 25.374981
v -19.581337 0.626758 22.330664
v -19.749846 0.626757 25.365231
v -19.606335 0.626758 22.328201
v -19.656340 0.626757 25.023273
v -19.518631 0.626758 22.015413
v -19.681337 0.626757 25.020813
v -19.542177 0.626758 22.005665
v -19.656340 0.626758 22.323273
v -19.345638 0.626758 21.756512
v -19.681337 0.626758 22.320814
v -19.363663 0.626758 21.738487
v -19.589275 0.626758 21.986153
v -19.086739 0.626758 21.583521
v -19.612829 0.626758 21.976395
v -19.096487 0.626757 21.559975
v -19.399712 0.626758 21.702438
v -18.771488 0.626757 21.520813
v -19.417736 0.626758 21.684414
v -18.798590 0.626758 21.500715
v -19.115997 0.626758 21.512875
v -18.781338 0.626757 21.420815
v -19.125753 0.626757 21.489323
v -18.803511 0.626757 21.450710
v -18.781338 0.626757 21.420815
v -25.881338 0.626757 26.830662
v -25.081337 0.776760 25.920813
v -25.081337 0.626757 25.920813
v -19.681337 0.776761 22.320814
v -19.681337 0.626758 22.320814
v -19.854244 1.751761 26.776169
v -19.854244 1.776760 26.776167
v -19.606335 0.626757 25.028202
v -19.606335 0.651762 25.028202
v -20.573950 0.651762 25.995815
v -20.573950 0.626757 25.995815
v -20.578876 0.626757 25.945812
v -20.578876 0.651762 25.945812
v -19.656340 0.651762 25.023273
v -19.656340 0.626757 25.023273
v -19.656340 0.626758 22.323273
v -19.656340 0.651763 22.323273
v -25.073950 0.626757 25.995815
v -25.073950 0.651762 25.995815
v -19.606335 0.651763 22.328201
v -19.606335 0.626758 22.328201
v -25.078876 0.651762 25.945812
v -25.078876 0.626757 25.945812
v -18.725985 1.776760 25.847908
v -18.725985 1.751761 25.847908
v -25.778877 1.751761 27.020813
v -25.781338 1.776760 27.020813
v -25.981339 1.576760 27.020813
v -25.956341 1.574299 27.020813
v -18.581337 1.776761 21.620813
v -18.581337 1.751763 21.623276
v -18.581337 1.574301 21.445812
v -18.581337 1.576761 21.420815
v -25.956341 1.574299 26.920815
v -25.981339 1.576760 26.920813
v -25.781338 1.776760 26.920813
v -25.778877 1.751761 26.920815
v -18.681337 1.576761 21.420815
v -18.681337 1.574301 21.445812
v -18.681337 1.751763 21.623276
v -18.681337 1.776761 21.620813
v -25.951441 0.626757 26.798634
v -25.881338 0.626757 26.830662
v -25.901436 0.626757 26.803560
v -18.798590 0.626758 21.500715
v -18.781338 0.626757 21.420815
v -18.803511 0.626757 21.450710
v -32.757538 0.180305 27.115234
v -34.757542 3.680300 27.115234
v -34.757542 0.180305 27.115234
v -32.757538 3.680300 27.115234
v -29.757545 2.680303 27.115234
v -29.757545 0.180305 27.115234
v -27.757538 2.680303 27.115234
v -24.757536 3.680300 27.115234
v -27.757538 0.180305 27.115234
v -24.757536 0.180305 27.115234
v -22.757542 3.680300 27.115223
v -22.757542 0.180305 27.115223
v -23.057547 0.980296 13.115278
v -23.057547 0.980296 12.615278
v -23.057547 5.480300 12.615278
v -23.057547 5.480300 13.115280
v -32.757538 0.980296 13.115278
v -32.757538 5.480300 13.115280
v -24.757545 5.480300 13.115280
v -24.757545 0.980296 13.115278
v -24.757545 0.980296 12.615278
v -24.757545 5.480300 12.615278
v -32.757538 5.480300 12.615278
v -32.757538 0.980296 12.615278
v -32.757538 0.980296 12.615278
v -32.757538 5.480300 12.615278
v -32.757538 5.480300 13.115280
v -32.757538 0.980296 13.115278
v -24.757545 0.980296 13.115278
v -24.757545 5.480300 13.115280
v -24.757545 5.480300 12.615278
v -24.757545 0.980296 12.615278
v -23.057547 5.480300 13.115280
v -20.757542 5.480300 13.115280
v -20.757542 0.980296 13.115278
v -23.057547 0.980296 13.115278
v -23.057547 0.980296 12.615278
v -20.757542 0.980296 12.615278
v -20.757542 5.480300 12.615278
v -23.057547 5.480300 12.615278
v -34.557541 0.980296 13.115278
v -34.557541 5.480300 13.115280
v -34.557541 5.480300 12.615278
v -34.557541 0.980296 12.615278
v -34.557541 5.480300 12.615278
v -36.757542 5.480300 12.615278
v -36.757542 0.980296 12.615278
v -34.557541 0.980296 12.615278
v -34.557541 0.980296 13.115278
v -36.757542 0.980296 13.115278
v -36.757542 5.480300 13.115280
v -34.557541 5.480300 13.115280
v -18.487392 0.180300 27.115227
v -18.487392 0.180301 19.015282
v -18.487392 3.680301 19.015282
v -18.487392 3.680300 27.115227
v -22.757540 0.180300 27.115227
v -18.487392 0.180300 27.115227
v -18.487392 3.680300 27.115227
v -22.757540 3.680300 27.115227
v -22.692923 3.680301 23.085575
v -22.757540 3.680301 23.865160
v -22.757540 3.680301 25.115204
v -22.757540 3.680300 25.915230
v -18.487392 3.680300 27.115227
v -22.757540 3.680300 27.115227
v -22.503458 3.680301 22.223412
v -22.202070 3.680301 21.337418
v -21.809292 3.680301 20.487984
v -21.351889 3.680301 19.733000
v -20.757542 3.680301 19.015282
v -18.487392 3.680301 19.015282
v -18.487392 3.680301 19.015282
v -20.757542 0.580302 19.015282
v -20.757542 3.680301 19.015282
v -18.487392 0.180301 19.015282
v -20.757542 0.180301 19.015282
v -26.090891 7.505305 17.540276
v -26.090891 7.505304 19.015289
v -26.090891 8.180288 19.015289
v -31.424191 7.505289 19.015289
v -31.424191 7.505290 17.540276
v -31.424191 8.180288 19.015289
v -26.090891 8.180288 19.015289
v -21.351887 8.180304 19.732998
v -20.757591 8.180304 19.015289
v -26.288994 8.180288 19.732998
v -31.424191 8.180288 19.015289
v -21.809298 8.180304 20.487984
v -31.226088 8.180288 19.732998
v -36.757492 8.180288 19.015289
v -36.163197 8.180288 19.732998
v -26.441460 8.180288 20.487984
v -22.202072 8.180304 21.337420
v -31.073624 8.180288 20.487984
v -35.705799 8.180288 20.487984
v -26.572380 8.180288 21.337420
v -22.503460 8.180304 22.223402
v -30.942703 8.180288 21.337420
v -35.313011 8.180288 21.337420
v -26.672844 8.180288 22.223402
v -22.692913 8.180304 23.085579
v -30.842239 8.180288 22.223402
v -35.011620 8.180288 22.223402
v -26.735998 8.180288 23.085579
v -22.757534 8.180304 23.865162
v -30.779083 8.180288 23.085579
v -34.822170 8.180288 23.085579
v -26.757544 8.180288 23.865162
v -22.757534 8.180304 25.115200
v -26.757544 8.180288 25.115200
v -30.757538 8.180288 23.865162
v -34.757549 8.180288 23.865162
v -30.757538 8.180288 25.115200
v -34.757549 8.180288 25.115200
v -26.090891 7.505305 17.540276
v -26.090891 8.180288 19.015289
v -20.757591 8.180304 19.015289
v -20.757591 7.505305 17.540276
v -26.090891 6.830305 16.065277
v -20.757591 6.830305 16.065277
v -31.424191 7.505290 17.540276
v -26.090891 6.155306 14.590279
v -20.757591 6.155306 14.590279
v -31.424191 6.830305 16.065277
v -26.090891 5.480307 13.115280
v -20.757591 5.480307 13.115280
v -31.424191 6.155306 14.590279
v -31.424191 5.480307 13.115280
v -36.757492 5.480307 13.115280
v -36.757492 6.155306 14.590279
v -36.757492 6.830290 16.065277
v -36.757492 7.505290 17.540276
v -31.424191 8.180288 19.015289
v -36.757492 8.180288 19.015289
v -31.424191 8.180288 19.015289
v -26.090891 8.180288 19.015289
v -26.090891 7.505305 17.540276
v -31.424191 7.505290 17.540276
v -31.424191 8.180288 19.015289
v -26.090891 8.180288 19.015289
v -26.090891 7.505304 19.015289
v -31.424191 7.505289 19.015289
v -31.424191 7.505289 19.015289
v -26.090891 7.505304 19.015289
v -26.090891 7.505305 17.540276
v -31.424191 7.505290 17.540276
v -31.424191 7.505289 19.015289
v -26.090891 7.505305 17.540276
v -31.424191 8.180288 19.015289
v -26.090891 7.505305 17.540276
v -20.757542 8.080297 25.115211
v -36.757492 8.080297 19.015280
v -36.757492 8.080297 25.115211
v -20.757542 8.080297 19.015280
v -36.757492 5.380291 13.115284
v -20.757542 5.380306 13.115284
v -29.757534 0.180298 28.415228
v -27.757545 0.180298 27.115223
v -27.757545 0.180298 28.415228
v -29.757534 0.180298 27.115223
v -18.487392 0.180299 19.015285
v -18.487392 0.180298 27.115223
v -34.757534 0.180298 23.865162
v -34.757534 0.180298 27.115223
v -32.624199 0.180299 19.015285
v -24.890879 0.180299 19.015285
v -34.822159 0.180298 23.085571
v -26.890869 0.180299 17.515289
v -30.624210 0.180299 17.515289
v -35.011627 0.180299 22.223408
v -35.313023 0.180299 21.337425
v -35.705791 0.180299 20.487980
v -36.163200 0.180299 19.733007
v -36.757542 0.180299 19.015285
v -32.624199 0.180299 19.015285
v -18.487392 0.180299 19.015285
v -32.624199 0.180299 19.015285
v -24.890879 0.180299 19.015285
v -36.757538 0.580301 13.115278
v -36.757538 0.580300 19.015278
v -36.757538 0.980303 13.115280
v -36.757538 3.680297 19.015278
v -36.757538 5.480305 13.115280
v -36.757496 8.180291 19.015278
v -20.757545 0.980299 13.115280
v -20.757545 0.580303 19.015282
v -20.757545 0.580304 13.115280
v -20.757545 3.680302 19.015284
v -20.757545 5.480303 13.115280
v -20.757589 8.180299 19.015284
v -24.890877 0.180304 19.015284
v -24.890877 0.580298 19.015284
v -20.757542 0.580298 19.015284
v -20.757542 0.180304 19.015284
v -26.890879 0.580298 17.515282
v -20.757542 0.580298 19.015284
v -24.890877 0.580298 19.015284
v -20.757542 0.580298 13.115284
v -36.757542 0.580298 13.115284
v -30.624205 0.580298 17.515282
v -32.624207 0.580298 19.015284
v -36.757542 0.580298 19.015284
v -36.757542 0.180304 19.015284
v -36.757542 0.580298 19.015284
v -32.624207 0.580298 19.015284
v -32.624207 0.180304 19.015284
v -32.624207 0.580298 19.015284
v -30.624205 0.580298 17.515282
v -30.624205 0.180304 17.515282
v -32.624207 0.180304 19.015284
v -30.624205 0.180304 17.515282
v -30.624205 0.580298 17.515282
v -26.890879 0.580298 17.515282
v -26.890879 0.180304 17.515282
v -24.890877 0.180304 19.015284
v -26.890879 0.180304 17.515282
v -26.890879 0.580298 17.515282
v -24.890877 0.580298 19.015284
v -20.787540 0.680298 15.515280
v -20.787540 1.680299 15.515280
v -20.787540 1.680299 16.515282
v -20.787540 0.680297 16.515282
v -20.787540 0.680298 16.615288
v -20.787540 1.680299 16.615288
v -20.787540 1.680298 17.615288
v -20.787540 0.680297 17.615288
v -20.787540 1.780305 15.515280
v -20.787540 2.780306 15.515282
v -20.787540 2.780306 16.515282
v -20.787540 1.780305 16.515282
v -20.787540 1.780305 16.615288
v -20.787540 2.780306 16.615288
v -20.787540 2.780305 17.615288
v -20.787540 1.780304 17.615288
v -20.787540 2.880297 15.515282
v -20.787540 3.880298 15.515280
v -20.787540 3.880297 16.515282
v -20.787540 2.880297 16.515282
v -20.787540 2.880297 16.615288
v -20.787540 3.880297 16.615288
v -20.787540 3.880297 17.615288
v -20.787540 2.880296 17.615288
v -20.787540 3.980304 15.515280
v -20.787540 4.980305 15.515282
v -20.787540 4.980304 16.515282
v -20.787540 3.980303 16.515282
v -20.787540 3.980303 16.615288
v -20.787540 4.980304 16.615288
v -20.787540 4.980304 17.615288
v -20.787540 3.980303 17.615288
v -20.787540 0.680297 17.715279
v -20.787540 1.680298 17.715279
v -20.787540 1.680299 18.715279
v -20.787540 0.680298 18.715279
v -20.787540 1.780304 17.715279
v -20.787540 2.780305 17.715279
v -20.787540 2.780306 18.715281
v -20.787540 1.780305 18.715279
v -20.787540 2.880296 17.715279
v -20.787540 3.880297 17.715279
v -20.787540 3.880297 18.715281
v -20.787540 2.880297 18.715281
v -20.787540 3.980303 17.715279
v -20.787540 4.980304 17.715279
v -20.787540 4.980304 18.715281
v -20.787540 3.980303 18.715281
v -20.787540 5.080296 15.515280
v -20.787540 6.080297 15.515282
v -20.787540 6.080296 16.515282
v -20.787540 5.080296 16.515282
v -20.787540 5.080296 16.615288
v -20.787540 6.080296 16.615288
v -20.787540 6.080296 17.615288
v -20.787540 5.080296 17.615288
v -20.787540 5.080296 17.715279
v -20.787540 6.080296 17.715279
v -20.787540 6.080296 18.715281
v -20.787540 5.080295 18.715281
v -20.787540 6.180302 17.715279
v -20.787540 7.180303 17.715279
v -20.787540 7.180303 18.715281
v -20.787540 6.180302 18.715281
v -20.787540 2.780306 18.715281
v -20.757542 2.780306 18.715281
v -20.757542 1.780305 18.715279
v -20.787540 1.780305 18.715279
v -20.787540 1.780305 16.615288
v -20.757542 1.780305 16.615288
v -20.757542 2.780306 16.615288
v -20.787540 2.780306 16.615288
v -20.787540 2.880297 18.715281
v -20.757542 2.880297 18.715281
v -20.757542 2.880296 17.715279
v -20.787540 2.880296 17.715279
v -20.787540 2.780306 16.615288
v -20.757542 2.780306 16.615288
v -20.757542 2.780305 17.615288
v -20.787540 2.780305 17.615288
v -20.787540 2.880296 17.715279
v -20.757542 2.880296 17.715279
v -20.757542 3.880297 17.715279
v -20.787540 3.880297 17.715279
v -20.787540 2.780305 17.615288
v -20.757542 2.780305 17.615288
v -20.757542 1.780304 17.615288
v -20.787540 1.780304 17.615288
v -20.787540 3.880297 17.715279
v -20.757542 3.880297 17.715279
v -20.757542 3.880297 18.715281
v -20.787540 3.880297 18.715281
v -20.787540 2.880297 16.515282
v -20.757542 2.880297 16.515282
v -20.757542 2.880297 15.515282
v -20.787540 2.880297 15.515282
v -20.787540 3.880297 18.715281
v -20.757542 3.880297 18.715281
v -20.757542 2.880297 18.715281
v -20.787540 2.880297 18.715281
v -20.787540 2.880297 15.515282
v -20.757542 2.880297 15.515282
v -20.757542 3.880298 15.515280
v -20.787540 3.880298 15.515280
v -20.787540 3.980303 18.715281
v -20.757542 3.980303 18.715281
v -20.757542 3.980303 17.715279
v -20.787540 3.980303 17.715279
v -20.787540 3.880298 15.515280
v -20.757542 3.880298 15.515280
v -20.757542 3.880297 16.515282
v -20.787540 3.880297 16.515282
v -20.787540 3.980303 17.715279
v -20.757542 3.980303 17.715279
v -20.757542 4.980304 17.715279
v -20.787540 4.980304 17.715279
v -20.787540 3.880297 16.515282
v -20.757542 3.880297 16.515282
v -20.757542 2.880297 16.515282
v -20.787540 2.880297 16.515282
v -20.787540 4.980304 17.715279
v -20.757542 4.980304 17.715279
v -20.757542 4.980304 18.715281
v -20.787540 4.980304 18.715281
v -20.787540 2.880296 17.615288
v -20.757542 2.880296 17.615288
v -20.757542 2.880297 16.615288
v -20.787540 2.880297 16.615288
v -20.787540 4.980304 18.715281
v -20.757542 4.980304 18.715281
v -20.757542 3.980303 18.715281
v -20.787540 3.980303 18.715281
v -20.787540 2.880297 16.615288
v -20.757542 2.880297 16.615288
v -20.757542 3.880297 16.615288
v -20.787540 3.880297 16.615288
v -20.787540 5.080296 16.515282
v -20.757542 5.080296 16.515282
v -20.757542 5.080296 15.515280
v -20.787540 5.080296 15.515280
v -20.787540 3.880297 16.615288
v -20.757542 3.880297 16.615288
v -20.757542 3.880297 17.615288
v -20.787540 3.880297 17.615288
v -20.787540 5.080296 15.515280
v -20.757542 5.080296 15.515280
v -20.757542 6.080297 15.515282
v -20.787540 6.080297 15.515282
v -20.787540 3.880297 17.615288
v -20.757542 3.880297 17.615288
v -20.757542 2.880296 17.615288
v -20.787540 2.880296 17.615288
v -20.787540 6.080297 15.515282
v -20.757542 6.080297 15.515282
v -20.757542 6.080296 16.515282
v -20.787540 6.080296 16.515282
v -20.787540 3.980303 16.515282
v -20.757542 3.980303 16.515282
v -20.757542 3.980304 15.515280
v -20.787540 3.980304 15.515280
v -20.787540 6.080296 16.515282
v -20.757542 6.080296 16.515282
v -20.757542 5.080296 16.515282
v -20.787540 5.080296 16.515282
v -20.787540 3.980304 15.515280
v -20.757542 3.980304 15.515280
v -20.757542 4.980305 15.515282
v -20.787540 4.980305 15.515282
v -20.787540 5.080296 17.615288
v -20.757542 5.080296 17.615288
v -20.757542 5.080296 16.615288
v -20.787540 5.080296 16.615288
v -20.787540 4.980305 15.515282
v -20.757542 4.980305 15.515282
v -20.757542 4.980304 16.515282
v -20.787540 4.980304 16.515282
v -20.787540 0.680297 16.515282
v -20.757542 0.680297 16.515282
v -20.757542 0.680298 15.515280
v -20.787540 0.680298 15.515280
v -20.787540 5.080296 16.615288
v -20.757542 5.080296 16.615288
v -20.757542 6.080296 16.615288
v -20.787540 6.080296 16.615288
v -20.787540 4.980304 16.515282
v -20.757542 4.980304 16.515282
v -20.757542 3.980303 16.515282
v -20.787540 3.980303 16.515282
v -20.787540 0.680298 15.515280
v -20.757542 0.680298 15.515280
v -20.757542 1.680299 15.515280
v -20.787540 1.680299 15.515280
v -20.787540 6.080296 16.615288
v -20.757542 6.080296 16.615288
v -20.757542 6.080296 17.615288
v -20.787540 6.080296 17.615288
v -20.787540 3.980303 17.615288
v -20.757542 3.980303 17.615288
v -20.757542 3.980303 16.615288
v -20.787540 3.980303 16.615288
v -20.787540 1.680299 15.515280
v -20.757542 1.680299 15.515280
v -20.757542 1.680299 16.515282
v -20.787540 1.680299 16.515282
v -20.787540 6.080296 17.615288
v -20.757542 6.080296 17.615288
v -20.757542 5.080296 17.615288
v -20.787540 5.080296 17.615288
v -20.787540 3.980303 16.615288
v -20.757542 3.980303 16.615288
v -20.757542 4.980304 16.615288
v -20.787540 4.980304 16.615288
v -20.787540 1.680299 16.515282
v -20.757542 1.680299 16.515282
v -20.757542 0.680297 16.515282
v -20.787540 0.680297 16.515282
v -20.787540 5.080295 18.715281
v -20.757542 5.080295 18.715281
v -20.757542 5.080296 17.715279
v -20.787540 5.080296 17.715279
v -20.787540 4.980304 16.615288
v -20.757542 4.980304 16.615288
v -20.757542 4.980304 17.615288
v -20.787540 4.980304 17.615288
v -20.787540 0.680297 17.615288
v -20.757542 0.680297 17.615288
v -20.757542 0.680298 16.615288
v -20.787540 0.680298 16.615288
v -20.787540 5.080296 17.715279
v -20.757542 5.080296 17.715279
v -20.757542 6.080296 17.715279
v -20.787540 6.080296 17.715279
v -20.787540 4.980304 17.615288
v -20.757542 4.980304 17.615288
v -20.757542 3.980303 17.615288
v -20.787540 3.980303 17.615288
v -20.787540 0.680298 16.615288
v -20.757542 0.680298 16.615288
v -20.757542 1.680299 16.615288
v -20.787540 1.680299 16.615288
v -20.787540 6.080296 17.715279
v -20.757542 6.080296 17.715279
v -20.757542 6.080296 18.715281
v -20.787540 6.080296 18.715281
v -20.787540 0.680298 18.715279
v -20.757542 0.680298 18.715279
v -20.757542 0.680297 17.715279
v -20.787540 0.680297 17.715279
v -20.787540 1.680299 16.615288
v -20.757542 1.680299 16.615288
v -20.757542 1.680298 17.615288
v -20.787540 1.680298 17.615288
v -20.787540 6.080296 18.715281
v -20.757542 6.080296 18.715281
v -20.757542 5.080295 18.715281
v -20.787540 5.080295 18.715281
v -20.787540 0.680297 17.715279
v -20.757542 0.680297 17.715279
v -20.757542 1.680298 17.715279
v -20.787540 1.680298 17.715279
v -20.787540 1.680298 17.615288
v -20.757542 1.680298 17.615288
v -20.757542 0.680297 17.615288
v -20.787540 0.680297 17.615288
v -20.787540 6.180302 18.715281
v -20.757542 6.180302 18.715281
v -20.757542 6.180302 17.715279
v -20.787540 6.180302 17.715279
v -20.787540 1.680298 17.715279
v -20.757542 1.680298 17.715279
v -20.757542 1.680299 18.715279
v -20.787540 1.680299 18.715279
v -20.787540 1.780305 16.515282
v -20.757542 1.780305 16.515282
v -20.757542 1.780305 15.515280
v -20.787540 1.780305 15.515280
v -20.787540 6.180302 17.715279
v -20.757542 6.180302 17.715279
v -20.757542 7.180303 17.715279
v -20.787540 7.180303 17.715279
v -20.787540 1.680299 18.715279
v -20.757542 1.680299 18.715279
v -20.757542 0.680298 18.715279
v -20.787540 0.680298 18.715279
v -20.787540 1.780305 15.515280
v -20.757542 1.780305 15.515280
v -20.757542 2.780306 15.515282
v -20.787540 2.780306 15.515282
v -20.787540 7.180303 17.715279
v -20.757542 7.180303 17.715279
v -20.757542 7.180303 18.715281
v -20.787540 7.180303 18.715281
v -20.787540 1.780305 18.715279
v -20.757542 1.780305 18.715279
v -20.757542 1.780304 17.715279
v -20.787540 1.780304 17.715279
v -20.787540 2.780306 15.515282
v -20.757542 2.780306 15.515282
v -20.757542 2.780306 16.515282
v -20.787540 2.780306 16.515282
v -20.787540 7.180303 18.715281
v -20.757542 7.180303 18.715281
v -20.757542 6.180302 18.715281
v -20.787540 6.180302 18.715281
v -20.787540 1.780304 17.715279
v -20.757542 1.780304 17.715279
v -20.757542 2.780305 17.715279
v -20.787540 2.780305 17.715279
v -20.787540 2.780306 16.515282
v -20.757542 2.780306 16.515282
v -20.757542 1.780305 16.515282
v -20.787540 1.780305 16.515282
v -20.787540 2.780305 17.715279
v -20.757542 2.780305 17.715279
v -20.757542 2.780306 18.715281
v -20.787540 2.780306 18.715281
v -20.787540 1.780304 17.615288
v -20.757542 1.780304 17.615288
v -20.757542 1.780305 16.615288
v -20.787540 1.780305 16.615288
v -36.727543 0.680298 15.515280
v -36.727543 0.680297 16.515282
v -36.727543 1.680299 16.515282
v -36.727543 1.680299 15.515280
v -36.727543 0.680298 16.615288
v -36.727543 0.680297 17.615288
v -36.727543 1.680298 17.615288
v -36.727543 1.680299 16.615288
v -36.727543 1.780305 15.515280
v -36.727543 1.780305 16.515282
v -36.727543 2.780306 16.515282
v -36.727543 2.780306 15.515282
v -36.727543 1.780305 16.615288
v -36.727543 1.780304 17.615288
v -36.727543 2.780305 17.615288
v -36.727543 2.780306 16.615288
v -36.727543 2.880297 15.515282
v -36.727543 2.880297 16.515282
v -36.727543 3.880297 16.515282
v -36.727543 3.880298 15.515280
v -36.727543 2.880297 16.615288
v -36.727543 2.880296 17.615288
v -36.727543 3.880297 17.615288
v -36.727543 3.880297 16.615288
v -36.727543 3.980304 15.515280
v -36.727543 3.980303 16.515282
v -36.727543 4.980304 16.515282
v -36.727543 4.980305 15.515282
v -36.727543 3.980303 16.615288
v -36.727543 3.980303 17.615288
v -36.727543 4.980304 17.615288
v -36.727543 4.980304 16.615288
v -36.727543 0.680297 17.715279
v -36.727543 0.680298 18.715279
v -36.727543 1.680299 18.715279
v -36.727543 1.680298 17.715279
v -36.727543 1.780304 17.715279
v -36.727543 1.780305 18.715279
v -36.727543 2.780306 18.715281
v -36.727543 2.780305 17.715279
v -36.727543 2.880296 17.715279
v -36.727543 2.880297 18.715281
v -36.727543 3.880297 18.715281
v -36.727543 3.880297 17.715279
v -36.727543 3.980303 17.715279
v -36.727543 3.980303 18.715281
v -36.727543 4.980304 18.715281
v -36.727543 4.980304 17.715279
v -36.727543 5.080296 15.515280
v -36.727543 5.080296 16.515282
v -36.727543 6.080296 16.515282
v -36.727543 6.080297 15.515282
v -36.727543 5.080296 16.615288
v -36.727543 5.080296 17.615288
v -36.727543 6.080296 17.615288
v -36.727543 6.080296 16.615288
v -36.727543 5.080296 17.715279
v -36.727543 5.080295 18.715281
v -36.727543 6.080296 18.715281
v -36.727543 6.080296 17.715279
v -36.727543 6.180302 17.715279
v -36.727543 6.180302 18.715281
v -36.727543 7.180303 18.715281
v -36.727543 7.180303 17.715279
v -36.727543 2.780306 18.715281
v -36.727543 1.780305 18.715279
v -36.757542 1.780305 18.715279
v -36.757542 2.780306 18.715281
v -36.727543 1.780305 16.615288
v -36.727543 2.780306 16.615288
v -36.757542 2.780306 16.615288
v -36.757542 1.780305 16.615288
v -36.727543 2.880297 18.715281
v -36.727543 2.880296 17.715279
v -36.757542 2.880296 17.715279
v -36.757542 2.880297 18.715281
v -36.727543 2.780306 16.615288
v -36.727543 2.780305 17.615288
v -36.757542 2.780305 17.615288
v -36.757542 2.780306 16.615288
v -36.727543 2.880296 17.715279
v -36.727543 3.880297 17.715279
v -36.757542 3.880297 17.715279
v -36.757542 2.880296 17.715279
v -36.727543 2.780305 17.615288
v -36.727543 1.780304 17.615288
v -36.757542 1.780304 17.615288
v -36.757542 2.780305 17.615288
v -36.727543 3.880297 17.715279
v -36.727543 3.880297 18.715281
v -36.757542 3.880297 18.715281
v -36.757542 3.880297 17.715279
v -36.727543 2.880297 16.515282
v -36.727543 2.880297 15.515282
v -36.757542 2.880297 15.515282
v -36.757542 2.880297 16.515282
v -36.727543 3.880297 18.715281
v -36.727543 2.880297 18.715281
v -36.757542 2.880297 18.715281
v -36.757542 3.880297 18.715281
v -36.727543 2.880297 15.515282
v -36.727543 3.880298 15.515280
v -36.757542 3.880298 15.515280
v -36.757542 2.880297 15.515282
v -36.727543 3.980303 18.715281
v -36.727543 3.980303 17.715279
v -36.757542 3.980303 17.715279
v -36.757542 3.980303 18.715281
v -36.727543 3.880298 15.515280
v -36.727543 3.880297 16.515282
v -36.757542 3.880297 16.515282
v -36.757542 3.880298 15.515280
v -36.727543 3.980303 17.715279
v -36.727543 4.980304 17.715279
v -36.757542 4.980304 17.715279
v -36.757542 3.980303 17.715279
v -36.727543 3.880297 16.515282
v -36.727543 2.880297 16.515282
v -36.757542 2.880297 16.515282
v -36.757542 3.880297 16.515282
v -36.727543 4.980304 17.715279
v -36.727543 4.980304 18.715281
v -36.757542 4.980304 18.715281
v -36.757542 4.980304 17.715279
v -36.727543 2.880296 17.615288
v -36.727543 2.880297 16.615288
v -36.757542 2.880297 16.615288
v -36.757542 2.880296 17.615288
v -36.727543 4.980304 18.715281
v -36.727543 3.980303 18.715281
v -36.757542 3.980303 18.715281
v -36.757542 4.980304 18.715281
v -36.727543 2.880297 16.615288
v -36.727543 3.880297 16.615288
v -36.757542 3.880297 16.615288
v -36.757542 2.880297 16.615288
v -36.727543 5.080296 16.515282
v -36.727543 5.080296 15.515280
v -36.757542 5.080296 15.515280
v -36.757542 5.080296 16.515282
v -36.727543 3.880297 16.615288
v -36.727543 3.880297 17.615288
v -36.757542 3.880297 17.615288
v -36.757542 3.880297 16.615288
v -36.727543 5.080296 15.515280
v -36.727543 6.080297 15.515282
v -36.757542 6.080297 15.515282
v -36.757542 5.080296 15.515280
v -36.727543 3.880297 17.615288
v -36.727543 2.880296 17.615288
v -36.757542 2.880296 17.615288
v -36.757542 3.880297 17.615288
v -36.727543 6.080297 15.515282
v -36.727543 6.080296 16.515282
v -36.757542 6.080296 16.515282
v -36.757542 6.080297 15.515282
v -36.727543 3.980303 16.515282
v -36.727543 3.980304 15.515280
v -36.757542 3.980304 15.515280
v -36.757542 3.980303 16.515282
v -36.727543 6.080296 16.515282
v -36.727543 5.080296 16.515282
v -36.757542 5.080296 16.515282
v -36.757542 6.080296 16.515282
v -36.727543 3.980304 15.515280
v -36.727543 4.980305 15.515282
v -36.757542 4.980305 15.515282
v -36.757542 3.980304 15.515280
v -36.727543 5.080296 17.615288
v -36.727543 5.080296 16.615288
v -36.757542 5.080296 16.615288
v -36.757542 5.080296 17.615288
v -36.727543 4.980305 15.515282
v -36.727543 4.980304 16.515282
v -36.757542 4.980304 16.515282
v -36.757542 4.980305 15.515282
v -36.727543 0.680297 16.515282
v -36.727543 0.680298 15.515280
v -36.757542 0.680298 15.515280
v -36.757542 0.680297 16.515282
v -36.727543 5.080296 16.615288
v -36.727543 6.080296 16.615288
v -36.757542 6.080296 16.615288
v -36.757542 5.080296 16.615288
v -36.727543 4.980304 16.515282
v -36.727543 3.980303 16.515282
v -36.757542 3.980303 16.515282
v -36.757542 4.980304 16.515282
v -36.727543 0.680298 15.515280
v -36.727543 1.680299 15.515280
v -36.757542 1.680299 15.515280
v -36.757542 0.680298 15.515280
v -36.727543 6.080296 16.615288
v -36.727543 6.080296 17.615288
v -36.757542 6.080296 17.615288
v -36.757542 6.080296 16.615288
v -36.727543 3.980303 17.615288
v -36.727543 3.980303 16.615288
v -36.757542 3.980303 16.615288
v -36.757542 3.980303 17.615288
v -36.727543 1.680299 15.515280
v -36.727543 1.680299 16.515282
v -36.757542 1.680299 16.515282
v -36.757542 1.680299 15.515280
v -36.727543 6.080296 17.615288
v -36.727543 5.080296 17.615288
v -36.757542 5.080296 17.615288
v -36.757542 6.080296 17.615288
v -36.727543 3.980303 16.615288
v -36.727543 4.980304 16.615288
v -36.757542 4.980304 16.615288
v -36.757542 3.980303 16.615288
v -36.727543 1.680299 16.515282
v -36.727543 0.680297 16.515282
v -36.757542 0.680297 16.515282
v -36.757542 1.680299 16.515282
v -36.727543 5.080295 18.715281
v -36.727543 5.080296 17.715279
v -36.757542 5.080296 17.715279
v -36.757542 5.080295 18.715281
v -36.727543 4.980304 16.615288
v -36.727543 4.980304 17.615288
v -36.757542 4.980304 17.615288
v -36.757542 4.980304 16.615288
v -36.727543 0.680297 17.615288
v -36.727543 0.680298 16.615288
v -36.757542 0.680298 16.615288
v -36.757542 0.680297 17.615288
v -36.727543 5.080296 17.715279
v -36.727543 6.080296 17.715279
v -36.757542 6.080296 17.715279
v -36.757542 5.080296 17.715279
v -36.727543 4.980304 17.615288
v -36.727543 3.980303 17.615288
v -36.757542 3.980303 17.615288
v -36.757542 4.980304 17.615288
v -36.727543 0.680298 16.615288
v -36.727543 1.680299 16.615288
v -36.757542 1.680299 16.615288
v -36.757542 0.680298 16.615288
v -36.727543 6.080296 17.715279
v -36.727543 6.080296 18.715281
v -36.757542 6.080296 18.715281
v -36.757542 6.080296 17.715279
v -36.727543 0.680298 18.715279
v -36.727543 0.680297 17.715279
v -36.757542 0.680297 17.715279
v -36.757542 0.680298 18.715279
v -36.727543 1.680299 16.615288
v -36.727543 1.680298 17.615288
v -36.757542 1.680298 17.615288
v -36.757542 1.680299 16.615288
v -36.727543 6.080296 18.715281
v -36.727543 5.080295 18.715281
v -36.757542 5.080295 18.715281
v -36.757542 6.080296 18.715281
v -36.727543 0.680297 17.715279
v -36.727543 1.680298 17.715279
v -36.757542 1.680298 17.715279
v -36.757542 0.680297 17.715279
v -36.727543 1.680298 17.615288
v -36.727543 0.680297 17.615288
v -36.757542 0.680297 17.615288
v -36.757542 1.680298 17.615288
v -36.727543 6.180302 18.715281
v -36.727543 6.180302 17.715279
v -36.757542 6.180302 17.715279
v -36.757542 6.180302 18.715281
v -36.727543 1.680298 17.715279
v -36.727543 1.680299 18.715279
v -36.757542 1.680299 18.715279
v -36.757542 1.680298 17.715279
v -36.727543 1.780305 16.515282
v -36.727543 1.780305 15.515280
v -36.757542 1.780305 15.515280
v -36.757542 1.780305 16.515282
v -36.727543 6.180302 17.715279
v -36.727543 7.180303 17.715279
v -36.757542 7.180303 17.715279
v -36.757542 6.180302 17.715279
v -36.727543 1.680299 18.715279
v -36.727543 0.680298 18.715279
v -36.757542 0.680298 18.715279
v -36.757542 1.680299 18.715279
v -36.727543 1.780305 15.515280
v -36.727543 2.780306 15.515282
v -36.757542 2.780306 15.515282
v -36.757542 1.780305 15.515280
v -36.727543 7.180303 17.715279
v -36.727543 7.180303 18.715281
v -36.757542 7.180303 18.715281
v -36.757542 7.180303 17.715279
v -36.727543 1.780305 18.715279
v -36.727543 1.780304 17.715279
v -36.757542 1.780304 17.715279
v -36.757542 1.780305 18.715279
v -36.727543 2.780306 15.515282
v -36.727543 2.780306 16.515282
v -36.757542 2.780306 16.515282
v -36.757542 2.780306 15.515282
v -36.727543 7.180303 18.715281
v -36.727543 6.180302 18.715281
v -36.757542 6.180302 18.715281
v -36.757542 7.180303 18.715281
v -36.727543 1.780304 17.715279
v -36.727543 2.780305 17.715279
v -36.757542 2.780305 17.715279
v -36.757542 1.780304 17.715279
v -36.727543 2.780306 16.515282
v -36.727543 1.780305 16.515282
v -36.757542 1.780305 16.515282
v -36.757542 2.780306 16.515282
v -36.727543 2.780305 17.715279
v -36.727543 2.780306 18.715281
v -36.757542 2.780306 18.715281
v -36.757542 2.780305 17.715279
v -36.727543 1.780304 17.615288
v -36.727543 1.780305 16.615288
v -36.757542 1.780305 16.615288
v -36.757542 1.780304 17.615288
v -27.957539 7.105652 18.479927
v -27.927658 7.105652 18.544012
v -27.957539 7.105652 18.550640
v -27.927658 7.105652 18.544012
v -27.927658 7.034940 18.544012
v -27.957539 7.034940 18.550640
v -27.957539 7.034940 18.479927
v -27.957539 7.434939 18.479927
v -27.957539 7.434939 18.550640
v -27.927658 7.434939 18.544012
v -27.957539 7.505651 18.550640
v -27.927658 7.434939 18.544012
v -27.927658 7.505651 18.544016
v -27.957542 7.505651 18.479927
v -27.957539 7.434939 18.950640
v -27.957539 7.434939 18.879929
v -29.557543 7.434939 18.879929
v -29.557543 7.434939 18.950640
v -27.957539 7.505651 18.950640
v -29.557543 7.505651 18.950640
v -27.957539 7.505651 18.879929
v -29.557543 7.505651 18.879929
v -27.957539 7.434939 18.879929
v -29.557543 7.434939 18.879929
v -27.957539 7.105652 18.879929
v -29.557541 7.105651 18.950640
v -29.557541 7.105651 18.879927
v -27.957539 7.105652 18.950640
v -29.557541 7.034939 18.950640
v -27.957539 7.034940 18.950640
v -29.557541 7.034939 18.879927
v -27.957539 7.034940 18.879927
v -29.557541 7.105651 18.879927
v -27.957539 7.105652 18.879929
v -27.957539 7.505651 18.550640
v -27.957539 7.434939 18.550640
v -29.557543 7.434939 18.550640
v -29.557543 7.505651 18.550640
v -27.957542 7.505651 18.479927
v -29.557543 7.505651 18.479927
v -27.957539 7.434939 18.479927
v -29.557543 7.434939 18.479927
v -27.957539 7.434939 18.550640
v -29.557543 7.434939 18.550640
v -27.957539 7.105652 18.479927
v -27.957539 7.105652 18.550640
v -29.557541 7.105651 18.550640
v -29.557541 7.105651 18.479927
v -27.957539 7.034940 18.479927
v -29.557541 7.034939 18.479927
v -27.957539 7.034940 18.550640
v -29.557541 7.034939 18.550640
v -27.957539 7.105652 18.550640
v -29.557541 7.105651 18.550640
v -28.084351 7.434939 18.540031
v -28.030731 7.434939 18.540031
v -28.030731 7.105651 18.540031
v -28.084351 7.105651 18.540031
v -28.084351 7.105652 18.490536
v -28.084351 7.434939 18.490536
v -28.030731 7.105652 18.490536
v -28.030731 7.434939 18.490536
v -28.030731 7.105651 18.540031
v -28.030731 7.434939 18.540031
v -28.084351 7.095048 18.550640
v -28.030731 7.095048 18.550640
v -28.030731 7.095048 18.879927
v -28.084351 7.095048 18.879927
v -28.084351 7.045548 18.550640
v -28.084351 7.045548 18.879929
v -28.030731 7.045548 18.550640
v -28.030731 7.045548 18.879927
v -28.030731 7.095048 18.550640
v -28.030731 7.095048 18.879927
v -28.030731 7.105651 18.890535
v -28.030731 7.434939 18.890535
v -28.084351 7.434939 18.890535
v -28.084351 7.105651 18.890535
v -28.084351 7.434939 18.940031
v -28.084351 7.105651 18.940031
v -28.030731 7.434939 18.940031
v -28.030731 7.105651 18.940031
v -28.030731 7.434939 18.890535
v -28.030731 7.105651 18.890535
v -28.230732 7.434939 18.540031
v -28.684349 7.105651 18.540031
v -28.284351 7.434939 18.540031
v -28.630730 7.105651 18.540031
v -28.630730 7.105651 18.490536
v -28.230732 7.434939 18.490536
v -28.684349 7.105651 18.490536
v -28.284351 7.434939 18.490536
v -28.684349 7.105651 18.540031
v -28.284351 7.434939 18.540031
v -28.030731 7.445548 18.550640
v -28.084351 7.445548 18.879927
v -28.030731 7.445548 18.879929
v -28.084351 7.445548 18.550640
v -28.084351 7.495048 18.879929
v -28.084351 7.495048 18.550640
v -28.030731 7.495048 18.550640
v -28.030731 7.495048 18.879929
v -28.030731 7.445548 18.550640
v -28.030731 7.445548 18.879929
v -28.684351 7.434939 18.890535
v -28.284351 7.105651 18.940031
v -28.284351 7.105651 18.890535
v -28.684351 7.434939 18.940031
v -28.230730 7.105651 18.940031
v -28.630730 7.434939 18.940031
v -28.230730 7.105651 18.890535
v -28.630730 7.434939 18.890535
v -28.684351 7.434939 18.890535
v -28.284351 7.105651 18.890535
v -28.684351 7.445547 18.879927
v -28.284351 7.445548 18.550640
v -28.284351 7.495048 18.550640
v -28.684351 7.495048 18.879929
v -28.230732 7.495048 18.550640
v -28.630730 7.495048 18.879929
v -28.630730 7.445548 18.879929
v -28.230732 7.445548 18.550640
v -28.684351 7.445547 18.879927
v -28.284351 7.445548 18.550640
v -28.830730 7.434939 18.890535
v -28.884350 7.434939 18.890535
v -29.284351 7.105651 18.890535
v -29.230730 7.105651 18.890535
v -29.230730 7.105651 18.940031
v -28.830730 7.434939 18.940031
v -28.884350 7.434939 18.940031
v -29.284351 7.105651 18.940031
v -28.884350 7.434939 18.890535
v -29.284351 7.105651 18.890535
v -28.884350 7.495048 18.879929
v -28.884350 7.445547 18.879929
v -29.284351 7.445547 18.550640
v -29.284351 7.495048 18.550640
v -29.230730 7.495048 18.550640
v -28.830730 7.495048 18.879927
v -29.230730 7.445547 18.550640
v -28.830730 7.445547 18.879929
v -28.884350 7.445547 18.879929
v -29.284351 7.445547 18.550640
v -28.284351 7.095048 18.879929
v -28.684349 7.045547 18.550640
v -28.684349 7.095048 18.550640
v -28.284351 7.045548 18.879929
v -28.630730 7.045547 18.550640
v -28.230730 7.045548 18.879929
v -28.630730 7.095048 18.550640
v -28.230730 7.095048 18.879929
v -28.284351 7.095048 18.879929
v -28.684349 7.095048 18.550640
v -28.830730 7.105651 18.540031
v -28.884350 7.105651 18.540031
v -29.284351 7.434939 18.540031
v -29.230730 7.434939 18.540031
v -28.830730 7.105651 18.490536
v -29.230730 7.434939 18.490536
v -28.884350 7.105651 18.490536
v -29.284351 7.434939 18.490536
v -28.884350 7.105651 18.540031
v -29.284351 7.434939 18.540031
v -28.884350 7.045547 18.550640
v -28.884350 7.095048 18.550640
v -29.284351 7.095047 18.879927
v -29.284351 7.045547 18.879929
v -29.230730 7.045547 18.879927
v -28.830730 7.045547 18.550640
v -29.230730 7.095047 18.879927
v -28.830730 7.095048 18.550640
v -29.284351 7.095047 18.879927
v -28.884350 7.095048 18.550640
v -29.484350 7.434939 18.540031
v -29.430729 7.105651 18.540031
v -29.484350 7.105651 18.540031
v -29.430729 7.434939 18.540031
v -29.430729 7.434939 18.490536
v -29.430729 7.105651 18.490536
v -29.484350 7.434939 18.490536
v -29.484350 7.105651 18.490536
v -29.484350 7.434939 18.540031
v -29.484350 7.105651 18.540031
v -29.484350 7.434939 18.890535
v -29.484350 7.105651 18.940031
v -29.484350 7.105651 18.890535
v -29.484350 7.434939 18.940031
v -29.430729 7.434939 18.940031
v -29.430729 7.105651 18.940031
v -29.430729 7.105651 18.890535
v -29.430729 7.434939 18.890535
v -29.484350 7.434939 18.890535
v -29.484350 7.105651 18.890535
v -29.484350 7.045547 18.879929
v -29.484350 7.095047 18.550640
v -29.484350 7.095047 18.879929
v -29.484350 7.045547 18.550640
v -29.430729 7.045547 18.879929
v -29.430729 7.045547 18.550640
v -29.430729 7.095047 18.550640
v -29.430729 7.095047 18.879927
v -29.484350 7.095047 18.550640
v -29.484350 7.095047 18.879929
v -29.430729 7.445547 18.550640
v -29.484350 7.445547 18.550640
v -29.484350 7.445547 18.879929
v -29.430729 7.445547 18.879929
v -29.430729 7.495048 18.879927
v -29.430729 7.495048 18.550640
v -29.484350 7.495048 18.879927
v -29.484350 7.495048 18.550640
v -29.484350 7.445547 18.550640
v -29.484350 7.445547 18.879929
v -26.308516 7.434940 18.230349
v -26.338402 7.434940 18.166260
v -27.788494 7.434939 18.842451
v -27.758608 7.434939 18.906534
v -26.308516 7.505652 18.230349
v -27.758608 7.505651 18.906534
v -26.338402 7.505652 18.166260
v -27.788494 7.505651 18.842451
v -26.338402 7.434940 18.166260
v -27.788494 7.434939 18.842451
v -26.338402 7.105652 18.166260
v -27.758608 7.105652 18.906534
v -27.788494 7.105652 18.842451
v -26.308516 7.105652 18.230349
v -27.758608 7.034940 18.906534
v -26.308516 7.034941 18.230349
v -27.788494 7.034940 18.842451
v -26.338402 7.034940 18.166260
v -27.788494 7.105652 18.842451
v -26.338402 7.105652 18.166260
v -26.477566 7.505652 17.867825
v -26.477566 7.434940 17.867825
v -27.927658 7.434939 18.544012
v -27.927658 7.505651 18.544016
v -26.507446 7.505652 17.803738
v -27.957542 7.505651 18.479927
v -26.507446 7.434940 17.803738
v -27.957539 7.434939 18.479927
v -26.477566 7.434940 17.867825
v -27.927658 7.434939 18.544012
v -26.338402 7.034940 18.166260
v -26.308516 7.034941 18.230349
v -26.308516 7.105652 18.230349
v -26.338402 7.105652 18.166260
v -26.507446 7.034940 17.803738
v -26.477566 7.034940 17.867825
v -26.477566 7.105652 17.867825
v -26.507446 7.105652 17.803738
v -26.308516 7.434940 18.230349
v -26.308516 7.505652 18.230349
v -26.338402 7.505652 18.166260
v -26.338402 7.434940 18.166260
v -26.507446 7.434940 17.803738
v -26.477566 7.434940 17.867825
v -26.477566 7.505652 17.867825
v -26.507446 7.505652 17.803738
v -26.507446 7.105652 17.803738
v -26.477566 7.105652 17.867825
v -27.927658 7.105652 18.544012
v -27.957539 7.105652 18.479927
v -26.507446 7.034940 17.803738
v -27.957539 7.034940 18.479927
v -26.477566 7.034940 17.867825
v -27.927658 7.034940 18.544012
v -26.477566 7.105652 17.867825
v -27.927658 7.105652 18.544012
v -26.596973 7.434940 17.911804
v -26.548378 7.434940 17.889145
v -26.548378 7.105652 17.889145
v -26.596973 7.105652 17.911804
v -26.617895 7.105652 17.866943
v -26.617895 7.434940 17.866943
v -26.569298 7.105652 17.844282
v -26.569298 7.434940 17.844282
v -26.548378 7.105652 17.889145
v -26.548378 7.434940 17.889145
v -26.592493 7.095049 17.921417
v -26.543896 7.095049 17.898754
v -26.404732 7.095049 18.197193
v -26.453331 7.095049 18.219852
v -26.592493 7.045548 17.921417
v -26.453331 7.045548 18.219852
v -26.543896 7.045548 17.898752
v -26.404732 7.045548 18.197193
v -26.543896 7.095049 17.898754
v -26.404732 7.095049 18.197193
v -26.400248 7.105652 18.206806
v -26.400248 7.434940 18.206806
v -26.448847 7.434940 18.229465
v -26.448847 7.105652 18.229465
v -26.427929 7.434940 18.274328
v -26.427929 7.105652 18.274326
v -26.379330 7.434940 18.251663
v -26.379330 7.105652 18.251663
v -26.400248 7.434940 18.206806
v -26.400248 7.105652 18.206806
v -26.729637 7.434940 17.973663
v -27.140760 7.105652 18.165373
v -26.778236 7.434940 17.996328
v -27.092161 7.105652 18.142714
v -27.113083 7.105652 18.097851
v -26.750561 7.434940 17.928806
v -27.161678 7.105652 18.120516
v -26.799154 7.434940 17.951468
v -27.140760 7.105652 18.165373
v -26.778236 7.434940 17.996328
v -26.543896 7.445548 17.898752
v -26.453331 7.445548 18.219852
v -26.404732 7.445548 18.197193
v -26.592493 7.445548 17.921417
v -26.453331 7.495049 18.219852
v -26.592493 7.495049 17.921417
v -26.543896 7.495049 17.898752
v -26.404732 7.495049 18.197193
v -26.543896 7.445548 17.898752
v -26.404732 7.445548 18.197193
v -26.992634 7.434940 18.483040
v -26.609188 7.105652 18.358852
v -26.630106 7.105652 18.313990
v -26.971710 7.434940 18.527897
v -26.560595 7.105652 18.336187
v -26.923119 7.434940 18.505236
v -26.581512 7.105652 18.291330
v -26.944035 7.434940 18.460375
v -26.992634 7.434940 18.483040
v -26.630106 7.105652 18.313990
v -26.997112 7.445548 18.473425
v -26.773752 7.445548 18.005941
v -26.773752 7.495049 18.005941
v -26.997112 7.495049 18.473425
v -26.725159 7.495049 17.983278
v -26.948519 7.495049 18.450762
v -26.948519 7.445548 18.450762
v -26.725159 7.445548 17.983278
v -26.997112 7.445548 18.473425
v -26.773752 7.445548 18.005941
v -27.125298 7.434940 18.544899
v -27.173893 7.434940 18.567564
v -27.536415 7.105652 18.736607
v -27.487822 7.105652 18.713947
v -27.466900 7.105652 18.758810
v -27.104378 7.434940 18.589760
v -27.152975 7.434940 18.612421
v -27.515499 7.105652 18.781469
v -27.173893 7.434940 18.567564
v -27.536415 7.105652 18.736607
v -27.178377 7.495049 18.557951
v -27.178377 7.445548 18.557951
v -27.680063 7.445548 18.428558
v -27.680063 7.495048 18.428558
v -27.631464 7.495048 18.405899
v -27.129778 7.495049 18.535286
v -27.631464 7.445548 18.405899
v -27.129778 7.445548 18.535286
v -27.178377 7.445548 18.557951
v -27.680063 7.445548 18.428558
v -26.634590 7.095049 18.304377
v -27.136276 7.045548 18.174986
v -27.136276 7.095048 18.174986
v -26.634590 7.045548 18.304377
v -27.087681 7.045548 18.152327
v -26.585995 7.045548 18.281717
v -27.087681 7.095048 18.152327
v -26.585995 7.095049 18.281717
v -26.634590 7.095049 18.304377
v -27.136276 7.095048 18.174986
v -27.273426 7.105652 18.227238
v -27.322020 7.105652 18.249897
v -27.684547 7.434939 18.418945
v -27.635948 7.434939 18.396286
v -27.294342 7.105652 18.182375
v -27.656866 7.434939 18.351425
v -27.342941 7.105652 18.205040
v -27.705463 7.434939 18.374084
v -27.322020 7.105652 18.249897
v -27.684547 7.434939 18.418945
v -27.317539 7.045548 18.259510
v -27.317539 7.095048 18.259510
v -27.540901 7.095048 18.726994
v -27.540901 7.045548 18.726994
v -27.492302 7.045548 18.704334
v -27.268940 7.045548 18.236851
v -27.492302 7.095048 18.704334
v -27.268940 7.095048 18.236851
v -27.540901 7.095048 18.726994
v -27.317539 7.095048 18.259510
v -27.865807 7.434939 18.503471
v -27.817211 7.105652 18.480810
v -27.865807 7.105652 18.503471
v -27.817211 7.434939 18.480810
v -27.838131 7.434939 18.435949
v -27.838131 7.105652 18.435949
v -27.886723 7.434939 18.458609
v -27.886723 7.105652 18.458609
v -27.865807 7.434939 18.503471
v -27.865807 7.105652 18.503471
v -27.717680 7.434939 18.821133
v -27.696758 7.105652 18.865993
v -27.717680 7.105652 18.821133
v -27.696758 7.434939 18.865993
v -27.648163 7.434939 18.843334
v -27.648163 7.105652 18.843328
v -27.669081 7.105652 18.798471
v -27.669081 7.434939 18.798471
v -27.717680 7.434939 18.821133
v -27.717680 7.105652 18.821133
v -27.722160 7.045548 18.811518
v -27.861322 7.095048 18.513084
v -27.722160 7.095048 18.811520
v -27.861322 7.045548 18.513084
v -27.673565 7.045548 18.788858
v -27.812729 7.045548 18.490419
v -27.812729 7.095048 18.490419
v -27.673565 7.095048 18.788858
v -27.861322 7.095048 18.513084
v -27.722160 7.095048 18.811520
v -27.812729 7.445548 18.490419
v -27.861322 7.445548 18.513084
v -27.722160 7.445548 18.811520
v -27.673565 7.445548 18.788858
v -27.673565 7.495048 18.788858
v -27.812729 7.495048 18.490419
v -27.722160 7.495048 18.811520
v -27.861322 7.495048 18.513084
v -27.861322 7.445548 18.513084
v -27.722160 7.445548 18.811520
v -27.957539 7.434939 18.879929
v -27.788494 7.434939 18.842451
v -27.788494 7.505651 18.842451
v -27.957539 7.505651 18.879929
v -27.758608 7.505651 18.906534
v -27.957539 7.505651 18.950640
v -27.758608 7.434939 18.906534
v -27.957539 7.434939 18.950640
v -27.788494 7.434939 18.842451
v -27.957539 7.434939 18.879929
v -29.756474 7.434943 18.906534
v -29.726585 7.434943 18.842451
v -31.176683 7.434943 18.166260
v -31.206566 7.434943 18.230349
v -29.756474 7.505651 18.906534
v -31.206566 7.505654 18.230349
v -29.726585 7.505651 18.842451
v -31.176683 7.505651 18.166260
v -29.726585 7.434943 18.842451
v -31.176683 7.434943 18.166260
v -29.726585 7.105656 18.842451
v -31.206566 7.105655 18.230349
v -31.176683 7.105655 18.166260
v -29.756474 7.105656 18.906540
v -31.206566 7.034943 18.230349
v -29.756474 7.034944 18.906540
v -31.176683 7.034943 18.166260
v -29.726585 7.034944 18.842451
v -31.176683 7.105655 18.166260
v -29.726585 7.105656 18.842451
v -29.587423 7.505651 18.544016
v -29.587423 7.434944 18.544016
v -31.037516 7.434943 17.867825
v -31.037516 7.505654 17.867825
v -29.557543 7.505651 18.479927
v -31.007635 7.505651 17.803738
v -29.557543 7.434939 18.479927
v -31.007635 7.434943 17.803738
v -29.587423 7.434944 18.544016
v -31.037516 7.434943 17.867825
v -29.557541 7.105651 18.479927
v -29.587423 7.105651 18.544016
v -31.037516 7.105655 17.867825
v -31.007635 7.105650 17.803738
v -29.557541 7.034939 18.479927
v -31.007635 7.034943 17.803738
v -29.587423 7.034944 18.544016
v -31.037516 7.034943 17.867825
v -29.587423 7.105651 18.544016
v -31.037516 7.105655 17.867825
v -29.697872 7.434944 18.480810
v -29.649275 7.434944 18.503471
v -29.649273 7.105651 18.503471
v -29.697872 7.105651 18.480810
v -29.676950 7.105651 18.435949
v -29.676950 7.434944 18.435949
v -29.628357 7.105651 18.458609
v -29.628357 7.434944 18.458609
v -29.649273 7.105651 18.503471
v -29.649275 7.434944 18.503471
v -29.702353 7.095047 18.490423
v -29.653759 7.095047 18.513084
v -29.792921 7.095047 18.811520
v -29.841515 7.095047 18.788858
v -29.702353 7.045547 18.490423
v -29.841515 7.045547 18.788858
v -29.653759 7.045547 18.513084
v -29.792921 7.045547 18.811518
v -29.653759 7.095047 18.513084
v -29.792921 7.095047 18.811520
v -29.797401 7.105656 18.821133
v -29.797401 7.434943 18.821133
v -29.846001 7.434943 18.798471
v -29.846001 7.105656 18.798471
v -29.866917 7.434943 18.843334
v -29.866917 7.105656 18.843334
v -29.818323 7.434943 18.865993
v -29.818323 7.105656 18.865993
v -29.797401 7.434943 18.821133
v -29.797401 7.105656 18.821133
v -29.830538 7.434943 18.418945
v -30.241655 7.105651 18.227238
v -29.879131 7.434943 18.396286
v -30.193062 7.105651 18.249897
v -30.172138 7.105651 18.205040
v -29.809616 7.434943 18.374084
v -30.220737 7.105651 18.182375
v -29.858215 7.434943 18.351425
v -30.241655 7.105651 18.227238
v -29.879131 7.434943 18.396286
v -29.653759 7.445547 18.513084
v -29.841515 7.445547 18.788858
v -29.792921 7.445547 18.811520
v -29.702353 7.445547 18.490423
v -29.841515 7.495047 18.788858
v -29.702353 7.495048 18.490423
v -29.653759 7.495048 18.513084
v -29.792921 7.495048 18.811518
v -29.653759 7.445547 18.513084
v -29.792921 7.445547 18.811520
v -30.389786 7.434943 18.544899
v -30.048180 7.105656 18.758810
v -30.027260 7.105656 18.713947
v -30.410706 7.434943 18.589760
v -29.999582 7.105656 18.781469
v -30.362106 7.434943 18.612421
v -29.978664 7.105656 18.736607
v -30.341188 7.434943 18.567564
v -30.389786 7.434943 18.544899
v -30.027260 7.105656 18.713947
v -30.385303 7.445547 18.535286
v -29.883617 7.445547 18.405899
v -29.883617 7.495048 18.405899
v -30.385303 7.495047 18.535286
v -29.835018 7.495048 18.428558
v -30.336704 7.495047 18.557951
v -30.336704 7.445547 18.557951
v -29.835018 7.445547 18.428558
v -30.385303 7.445547 18.535286
v -29.883617 7.445547 18.405899
v -30.522453 7.434943 18.483040
v -30.571045 7.434943 18.460375
v -30.933569 7.105650 18.291330
v -30.884975 7.105650 18.313990
v -30.905891 7.105650 18.358852
v -30.543369 7.434943 18.527897
v -30.591965 7.434943 18.505236
v -30.954487 7.105650 18.336187
v -30.571045 7.434943 18.460375
v -30.933569 7.105650 18.291330
v -30.566563 7.495047 18.450762
v -30.566563 7.445547 18.450762
v -30.789921 7.445547 17.983278
v -30.789921 7.495047 17.983278
v -30.741329 7.495047 18.005941
v -30.517967 7.495047 18.473425
v -30.741329 7.445547 18.005941
v -30.517967 7.445547 18.473425
v -30.566563 7.445547 18.450762
v -30.789921 7.445547 17.983278
v -30.022779 7.095047 18.704334
v -30.246140 7.045547 18.236851
v -30.246140 7.095047 18.236851
v -30.022779 7.045547 18.704334
v -30.197540 7.045547 18.259510
v -29.974180 7.045547 18.726994
v -30.197540 7.095047 18.259510
v -29.974180 7.095047 18.726994
v -30.022779 7.095047 18.704334
v -30.246140 7.095047 18.236851
v -30.374321 7.105651 18.165373
v -30.422920 7.105651 18.142714
v -30.785442 7.434943 17.973663
v -30.736843 7.434943 17.996328
v -30.353403 7.105651 18.120516
v -30.715927 7.434943 17.951468
v -30.401997 7.105651 18.097851
v -30.764524 7.434943 17.928806
v -30.422920 7.105651 18.142714
v -30.785442 7.434943 17.973663
v -30.427399 7.045547 18.152327
v -30.427399 7.095047 18.152327
v -30.929089 7.095047 18.281717
v -30.929089 7.045547 18.281717
v -30.880491 7.045547 18.304377
v -30.378805 7.045547 18.174986
v -30.880491 7.095047 18.304377
v -30.378805 7.095047 18.174986
v -30.929089 7.095047 18.281717
v -30.427399 7.095047 18.152327
v -30.966702 7.434943 17.889145
v -30.918108 7.105650 17.911804
v -30.966702 7.105650 17.889145
v -30.918108 7.434943 17.911804
v -30.897190 7.434943 17.866943
v -30.897190 7.105650 17.866943
v -30.945784 7.434943 17.844282
v -30.945784 7.105650 17.844282
v -30.966702 7.434943 17.889145
v -30.966702 7.105650 17.889145
v -31.114834 7.434943 18.206806
v -31.135750 7.105650 18.251667
v -31.114834 7.105650 18.206806
v -31.135750 7.434943 18.251667
v -31.087151 7.434943 18.274328
v -31.087151 7.105650 18.274328
v -31.066235 7.105650 18.229465
v -31.066235 7.434943 18.229465
v -31.114834 7.434943 18.206806
v -31.114834 7.105650 18.206806
v -31.110348 7.045547 18.197193
v -30.971186 7.095047 17.898758
v -31.110348 7.095047 18.197193
v -30.971186 7.045547 17.898758
v -31.061754 7.045547 18.219852
v -30.922588 7.045547 17.921417
v -30.922588 7.095047 17.921417
v -31.061754 7.095047 18.219852
v -30.971186 7.095047 17.898758
v -31.110348 7.095047 18.197193
v -30.922588 7.445547 17.921417
v -30.971186 7.445547 17.898758
v -31.110348 7.445547 18.197193
v -31.061754 7.445547 18.219852
v -31.061754 7.495047 18.219852
v -30.922588 7.495047 17.921417
v -31.110348 7.495047 18.197193
v -30.971186 7.495047 17.898758
v -30.971186 7.445547 17.898758
v -31.110348 7.445547 18.197193
v -31.176683 7.034943 18.166260
v -31.206566 7.034943 18.230349
v -31.206566 7.105655 18.230349
v -31.176683 7.105655 18.166260
v -31.007635 7.034943 17.803738
v -31.037516 7.034943 17.867825
v -31.037516 7.105655 17.867825
v -31.007635 7.105650 17.803738
v -31.206566 7.434943 18.230349
v -31.206566 7.505654 18.230349
v -31.176683 7.505651 18.166260
v -31.176683 7.434943 18.166260
v -31.007635 7.434943 17.803738
v -31.037516 7.434943 17.867825
v -31.037516 7.505654 17.867825
v -31.007635 7.505651 17.803738
v -27.957539 7.034940 18.879927
v -27.788494 7.105652 18.842451
v -27.957539 7.105652 18.879929
v -27.788494 7.034940 18.842451
v -27.957539 7.034940 18.950640
v -27.758608 7.034940 18.906534
v -27.957539 7.105652 18.950640
v -27.758608 7.105652 18.906534
v -27.957539 7.105652 18.879929
v -27.788494 7.105652 18.842451
v -29.557541 7.034939 18.479927
v -29.587423 7.034944 18.544016
v -29.557541 7.034939 18.550640
v -29.587423 7.105651 18.544016
v -29.557541 7.105651 18.550640
v -29.557541 7.105651 18.479927
v -29.557541 7.105651 18.950640
v -29.726585 7.105656 18.842451
v -29.557541 7.105651 18.879927
v -29.756474 7.105656 18.906540
v -29.557541 7.034939 18.950640
v -29.756474 7.034944 18.906540
v -29.557541 7.034939 18.879927
v -29.726585 7.034944 18.842451
v -29.557541 7.105651 18.879927
v -29.726585 7.105656 18.842451
v -29.557543 7.505651 18.879929
v -29.726585 7.434943 18.842451
v -29.557543 7.434939 18.879929
v -29.726585 7.505651 18.842451
v -29.557543 7.505651 18.950640
v -29.756474 7.505651 18.906534
v -29.557543 7.434939 18.950640
v -29.756474 7.434943 18.906534
v -29.557543 7.434939 18.879929
v -29.726585 7.434943 18.842451
v -29.557543 7.434939 18.479927
v -29.587423 7.434944 18.544016
v -29.557543 7.434939 18.550640
v -29.587423 7.505651 18.544016
v -29.557543 7.505651 18.550640
v -29.557543 7.505651 18.479927
v -27.788494 7.505651 18.842451
v -27.957539 7.505651 18.879929
v -29.557543 7.505651 18.879929
v -27.957539 7.505651 18.879929
v -29.557543 7.505651 18.879929
v -29.726585 7.505651 18.842451
v -31.176683 7.505651 18.166260
v -29.726585 7.505651 18.842451
v -27.957539 7.505651 18.950640
v -27.758608 7.505651 18.906534
v -27.957539 7.505651 18.950640
v -29.557543 7.505651 18.950640
v -29.756474 7.505651 18.906534
v -29.557543 7.505651 18.950640
v -29.756474 7.505651 18.906534
v -31.206566 7.505654 18.230349
v -27.788494 7.505651 18.842451
v -26.338402 7.505652 18.166260
v -26.308516 7.505652 18.230349
v -26.308516 7.434940 18.230349
v -27.758608 7.434939 18.906534
v -27.758608 7.505651 18.906534
v -27.957539 7.105652 18.950640
v -29.557541 7.105651 18.950640
v -27.957539 7.105652 18.950640
v -27.758608 7.105652 18.906534
v -29.756474 7.105656 18.906540
v -29.557541 7.105651 18.950640
v -29.756474 7.105656 18.906540
v -31.206566 7.105655 18.230349
v -27.788494 7.034940 18.842451
v -27.957539 7.034940 18.879927
v -27.957539 7.034940 18.879927
v -29.557541 7.034939 18.879927
v -29.557541 7.034939 18.879927
v -29.726585 7.034944 18.842451
v -29.726585 7.034944 18.842451
v -31.176683 7.034943 18.166260
v -26.338402 7.034940 18.166260
v -27.788494 7.034940 18.842451
v -26.308516 7.105652 18.230349
v -27.758608 7.034940 18.906534
v -27.758608 7.105652 18.906534
v -26.308516 7.034941 18.230349
v -26.477566 7.505652 17.867825
v -27.927658 7.505651 18.544016
v -29.557543 7.434939 18.479927
v -31.007635 7.434943 17.803738
v -29.557543 7.505651 18.479927
v -31.037516 7.505654 17.867825
v -31.007635 7.505651 17.803738
v -29.587423 7.505651 18.544016
v -27.957539 7.505651 18.550640
v -29.557543 7.505651 18.550640
v -27.957542 7.505651 18.479927
v -27.957539 7.434939 18.479927
v -26.507446 7.434940 17.803738
v -26.507446 7.505652 17.803738
v -27.957539 7.434939 18.479927
v -29.557543 7.434939 18.479927
v -27.957539 7.034940 18.550640
v -29.557541 7.034939 18.550640
v -29.557541 7.105651 18.479927
v -29.557541 7.034939 18.479927
v -27.957539 7.034940 18.479927
v -27.957539 7.105652 18.479927
v -27.957539 7.105652 18.479927
v -27.957539 7.034940 18.479927
v -26.507446 7.034940 17.803738
v -26.507446 7.105652 17.803738
v -27.927658 7.034940 18.544012
v -26.477566 7.034940 17.867825
v -31.007635 7.105650 17.803738
v -29.557541 7.105651 18.479927
v -29.587423 7.034944 18.544016
v -31.007635 7.034943 17.803738
v -31.037516 7.034943 17.867825
v -29.557541 7.034939 18.479927
v -28.084351 7.434939 18.540031
v -28.084351 7.105651 18.540031
v -28.030731 7.105652 18.490536
v -28.084351 7.434939 18.490536
v -28.084351 7.105652 18.490536
v -28.030731 7.434939 18.490536
v -28.084351 7.095048 18.879927
v -28.084351 7.095048 18.550640
v -28.030731 7.045548 18.550640
v -28.084351 7.045548 18.550640
v -28.084351 7.045548 18.879929
v -28.030731 7.045548 18.879927
v -28.084351 7.105651 18.890535
v -28.084351 7.434939 18.890535
v -28.084351 7.105651 18.940031
v -28.084351 7.434939 18.940031
v -28.030731 7.434939 18.940031
v -28.030731 7.105651 18.940031
v -28.284351 7.434939 18.490536
v -28.684349 7.105651 18.490536
v -28.230732 7.434939 18.490536
v -28.630730 7.105651 18.490536
v -28.230732 7.434939 18.540031
v -28.630730 7.105651 18.540031
v -28.030731 7.495048 18.550640
v -28.030731 7.495048 18.879929
v -28.084351 7.445548 18.550640
v -28.084351 7.495048 18.550640
v -28.084351 7.495048 18.879929
v -28.084351 7.445548 18.879927
v -28.630730 7.434939 18.890535
v -28.230730 7.105651 18.890535
v -28.684351 7.434939 18.940031
v -28.630730 7.434939 18.940031
v -28.230730 7.105651 18.940031
v -28.284351 7.105651 18.940031
v -28.684351 7.495048 18.879929
v -28.284351 7.495048 18.550640
v -28.630730 7.445548 18.879929
v -28.630730 7.495048 18.879929
v -28.230732 7.495048 18.550640
v -28.230732 7.445548 18.550640
v -28.884350 7.434939 18.940031
v -28.830730 7.434939 18.940031
v -29.230730 7.105651 18.940031
v -29.284351 7.105651 18.940031
v -28.830730 7.434939 18.890535
v -29.230730 7.105651 18.890535
v -28.884350 7.495048 18.879929
v -29.284351 7.495048 18.550640
v -29.230730 7.445547 18.550640
v -28.830730 7.495048 18.879927
v -29.230730 7.495048 18.550640
v -28.830730 7.445547 18.879929
v -28.230730 7.095048 18.879929
v -28.630730 7.095048 18.550640
v -28.284351 7.045548 18.879929
v -28.230730 7.045548 18.879929
v -28.630730 7.045547 18.550640
v -28.684349 7.045547 18.550640
v -29.230730 7.434939 18.540031
v -28.830730 7.105651 18.540031
v -28.884350 7.105651 18.490536
v -28.830730 7.105651 18.490536
v -29.230730 7.434939 18.490536
v -29.284351 7.434939 18.490536
v -28.884350 7.045547 18.550640
v -29.284351 7.045547 18.879929
v -29.230730 7.095047 18.879927
v -28.830730 7.045547 18.550640
v -29.230730 7.045547 18.879927
v -28.830730 7.095048 18.550640
v -29.484350 7.434939 18.490536
v -29.484350 7.105651 18.490536
v -29.430729 7.105651 18.540031
v -29.430729 7.434939 18.490536
v -29.430729 7.105651 18.490536
v -29.430729 7.434939 18.540031
v -29.430729 7.434939 18.890535
v -29.430729 7.105651 18.890535
v -29.484350 7.105651 18.940031
v -29.430729 7.434939 18.940031
v -29.430729 7.105651 18.940031
v -29.484350 7.434939 18.940031
v -29.430729 7.095047 18.550640
v -29.430729 7.095047 18.879927
v -29.430729 7.045547 18.879929
v -29.430729 7.045547 18.550640
v -29.484350 7.045547 18.550640
v -29.484350 7.045547 18.879929
v -29.430729 7.445547 18.550640
v -29.430729 7.445547 18.879929
v -29.484350 7.495048 18.879927
v -29.430729 7.495048 18.550640
v -29.430729 7.495048 18.879927
v -29.484350 7.495048 18.550640
v -26.617895 7.105652 17.866943
v -26.596973 7.434940 17.911804
v -26.596973 7.105652 17.911804
v -26.617895 7.434940 17.866943
v -26.569298 7.434940 17.844282
v -26.569298 7.105652 17.844282
v -26.543896 7.045548 17.898752
v -26.404732 7.045548 18.197193
v -26.453331 7.095049 18.219852
v -26.592493 7.045548 17.921417
v -26.592493 7.095049 17.921417
v -26.453331 7.045548 18.219852
v -26.379330 7.105652 18.251663
v -26.379330 7.434940 18.251663
v -26.448847 7.105652 18.229465
v -26.448847 7.434940 18.229465
v -26.427929 7.434940 18.274328
v -26.427929 7.105652 18.274326
v -26.799154 7.434940 17.951468
v -27.161678 7.105652 18.120516
v -26.750561 7.434940 17.928806
v -27.113083 7.105652 18.097851
v -26.729637 7.434940 17.973663
v -27.092161 7.105652 18.142714
v -26.543896 7.495049 17.898752
v -26.404732 7.495049 18.197193
v -26.592493 7.445548 17.921417
v -26.592493 7.495049 17.921417
v -26.453331 7.495049 18.219852
v -26.453331 7.445548 18.219852
v -26.581512 7.105652 18.291330
v -26.944035 7.434940 18.460375
v -26.971710 7.434940 18.527897
v -26.923119 7.434940 18.505236
v -26.560595 7.105652 18.336187
v -26.609188 7.105652 18.358852
v -26.997112 7.495049 18.473425
v -26.773752 7.495049 18.005941
v -26.948519 7.445548 18.450762
v -26.948519 7.495049 18.450762
v -26.725159 7.495049 17.983278
v -26.725159 7.445548 17.983278
v -27.152975 7.434940 18.612421
v -27.104378 7.434940 18.589760
v -27.466900 7.105652 18.758810
v -27.515499 7.105652 18.781469
v -27.125298 7.434940 18.544899
v -27.487822 7.105652 18.713947
v -27.631464 7.445548 18.405899
v -27.129778 7.445548 18.535286
v -27.631464 7.495048 18.405899
v -27.178377 7.495049 18.557951
v -27.680063 7.495048 18.428558
v -27.129778 7.495049 18.535286
v -27.087681 7.095048 18.152327
v -26.585995 7.095049 18.281717
v -26.634590 7.045548 18.304377
v -26.585995 7.045548 18.281717
v -27.087681 7.045548 18.152327
v -27.136276 7.045548 18.174986
v -27.635948 7.434939 18.396286
v -27.273426 7.105652 18.227238
v -27.342941 7.105652 18.205040
v -27.294342 7.105652 18.182375
v -27.656866 7.434939 18.351425
v -27.705463 7.434939 18.374084
v -27.492302 7.095048 18.704334
v -27.268940 7.095048 18.236851
v -27.492302 7.045548 18.704334
v -27.317539 7.045548 18.259510
v -27.540901 7.045548 18.726994
v -27.268940 7.045548 18.236851
v -27.886723 7.434939 18.458609
v -27.886723 7.105652 18.458609
v -27.817211 7.105652 18.480810
v -27.838131 7.434939 18.435949
v -27.838131 7.105652 18.435949
v -27.817211 7.434939 18.480810
v -27.648163 7.434939 18.843334
v -27.669081 7.434939 18.798471
v -27.669081 7.105652 18.798471
v -27.648163 7.105652 18.843328
v -27.696758 7.105652 18.865993
v -27.696758 7.434939 18.865993
v -27.861322 7.045548 18.513084
v -27.722160 7.045548 18.811518
v -27.812729 7.095048 18.490419
v -27.673565 7.045548 18.788858
v -27.673565 7.095048 18.788858
v -27.812729 7.045548 18.490419
v -27.673565 7.495048 18.788858
v -27.812729 7.445548 18.490419
v -27.673565 7.445548 18.788858
v -27.812729 7.495048 18.490419
v -27.722160 7.495048 18.811520
v -27.861322 7.495048 18.513084
v -29.628357 7.434944 18.458609
v -29.628357 7.105651 18.458609
v -29.676950 7.105651 18.435949
v -29.697872 7.434944 18.480810
v -29.697872 7.105651 18.480810
v -29.676950 7.434944 18.435949
v -29.653759 7.045547 18.513084
v -29.792921 7.045547 18.811518
v -29.841515 7.095047 18.788858
v -29.702353 7.045547 18.490423
v -29.702353 7.095047 18.490423
v -29.841515 7.045547 18.788858
v -29.818323 7.434943 18.865993
v -29.818323 7.105656 18.865993
v -29.846001 7.105656 18.798471
v -29.846001 7.434943 18.798471
v -29.866917 7.434943 18.843334
v -29.866917 7.105656 18.843334
v -29.830538 7.434943 18.418945
v -30.193062 7.105651 18.249897
v -29.809616 7.434943 18.374084
v -29.858215 7.434943 18.351425
v -30.220737 7.105651 18.182375
v -30.172138 7.105651 18.205040
v -29.702353 7.445547 18.490423
v -29.841515 7.445547 18.788858
v -29.841515 7.495047 18.788858
v -29.702353 7.495048 18.490423
v -29.792921 7.495048 18.811518
v -29.653759 7.495048 18.513084
v -30.410706 7.434943 18.589760
v -30.362106 7.434943 18.612421
v -29.999582 7.105656 18.781469
v -30.048180 7.105656 18.758810
v -29.978664 7.105656 18.736607
v -30.341188 7.434943 18.567564
v -29.835018 7.445547 18.428558
v -30.336704 7.445547 18.557951
v -30.385303 7.495047 18.535286
v -29.883617 7.495048 18.405899
v -29.835018 7.495048 18.428558
v -30.336704 7.495047 18.557951
v -30.522453 7.434943 18.483040
v -30.884975 7.105650 18.313990
v -30.591965 7.434943 18.505236
v -30.543369 7.434943 18.527897
v -30.905891 7.105650 18.358852
v -30.954487 7.105650 18.336187
v -30.741329 7.495047 18.005941
v -30.566563 7.495047 18.450762
v -30.789921 7.495047 17.983278
v -30.517967 7.495047 18.473425
v -30.741329 7.445547 18.005941
v -30.517967 7.445547 18.473425
v -29.974180 7.095047 18.726994
v -30.197540 7.095047 18.259510
v -30.022779 7.045547 18.704334
v -29.974180 7.045547 18.726994
v -30.197540 7.045547 18.259510
v -30.246140 7.045547 18.236851
v -30.401997 7.105651 18.097851
v -30.353403 7.105651 18.120516
v -30.715927 7.434943 17.951468
v -30.764524 7.434943 17.928806
v -30.374321 7.105651 18.165373
v -30.736843 7.434943 17.996328
v -30.378805 7.095047 18.174986
v -30.880491 7.095047 18.304377
v -30.880491 7.045547 18.304377
v -30.427399 7.045547 18.152327
v -30.929089 7.045547 18.281717
v -30.378805 7.045547 18.174986
v -30.918108 7.105650 17.911804
v -30.897190 7.434943 17.866943
v -30.897190 7.105650 17.866943
v -30.918108 7.434943 17.911804
v -30.945784 7.105650 17.844282
v -30.945784 7.434943 17.844282
v -31.135750 7.105650 18.251667
v -31.135750 7.434943 18.251667
v -31.087151 7.434943 18.274328
v -31.066235 7.434943 18.229465
v -31.066235 7.105650 18.229465
v -31.087151 7.105650 18.274328
v -30.922588 7.095047 17.921417
v -31.061754 7.045547 18.219852
v -31.061754 7.095047 18.219852
v -30.922588 7.045547 17.921417
v -31.110348 7.045547 18.197193
v -30.971186 7.045547 17.898758
v -31.061754 7.495047 18.219852
v -30.922588 7.445547 17.921417
v -31.061754 7.445547 18.219852
v -30.922588 7.495047 17.921417
v -31.110348 7.495047 18.197193
v -30.971186 7.495047 17.898758
v -27.957542 7.954943 19.490641
v -27.957542 7.954944 19.419930
v -29.557541 7.954943 19.419930
v -29.557541 7.954943 19.490641
v -27.957542 8.025654 19.490641
v -29.557541 8.025654 19.490641
v -27.957542 8.025654 19.419930
v -29.557541 8.025654 19.419930
v -27.957542 7.954944 19.419930
v -29.557541 7.954943 19.419930
v -27.957542 7.625650 19.419930
v -29.557541 7.625654 19.490641
v -29.557541 7.625649 19.419930
v -27.957542 7.625650 19.490641
v -29.557541 7.554939 19.490641
v -27.957542 7.554939 19.490641
v -29.557541 7.554939 19.419930
v -27.957542 7.554939 19.419930
v -29.557541 7.625649 19.419930
v -27.957542 7.625650 19.419930
v -27.957542 8.025649 19.090637
v -27.957542 7.954939 19.090637
v -29.557541 7.954943 19.090637
v -29.557541 8.025654 19.090637
v -27.957542 8.025649 19.019926
v -29.557541 8.025654 19.019926
v -27.957542 7.954944 19.019926
v -29.557541 7.954943 19.019926
v -27.957542 7.954939 19.090637
v -29.557541 7.954943 19.090637
v -27.957542 7.625650 19.019926
v -27.957542 7.625650 19.090637
v -29.557541 7.625649 19.090637
v -29.557541 7.625654 19.019926
v -27.957542 7.554939 19.019926
v -29.557541 7.554939 19.019926
v -27.957542 7.554939 19.090637
v -29.557541 7.554939 19.090637
v -27.957542 7.625650 19.090637
v -29.557541 7.625649 19.090637
v -28.084351 7.954944 19.080030
v -28.030727 7.954944 19.080030
v -28.030727 7.625650 19.080030
v -28.084351 7.625650 19.080030
v -28.084351 7.625650 19.030533
v -28.084351 7.954944 19.030533
v -28.030727 7.625650 19.030533
v -28.030727 7.954944 19.030533
v -28.030727 7.625650 19.080030
v -28.030727 7.954944 19.080030
v -28.084351 7.615044 19.090637
v -28.030727 7.615045 19.090637
v -28.030727 7.615044 19.419930
v -28.084351 7.615044 19.419930
v -28.084351 7.565546 19.090637
v -28.084351 7.565546 19.419930
v -28.030727 7.565546 19.090637
v -28.030727 7.565546 19.419930
v -28.030727 7.615045 19.090637
v -28.030727 7.615044 19.419930
v -28.030727 7.625650 19.430536
v -28.030727 7.954943 19.430536
v -28.084351 7.954943 19.430536
v -28.084351 7.625650 19.430536
v -28.084351 7.954943 19.480034
v -28.084351 7.625650 19.480034
v -28.030727 7.954943 19.480034
v -28.030727 7.625650 19.480034
v -28.030727 7.954943 19.430536
v -28.030727 7.625650 19.430536
v -28.230732 7.954943 19.080030
v -28.684353 7.625650 19.080030
v -28.284353 7.954943 19.080030
v -28.630730 7.625650 19.080030
v -28.630730 7.625650 19.030533
v -28.230732 7.954943 19.030533
v -28.684353 7.625650 19.030533
v -28.284353 7.954943 19.030533
v -28.684353 7.625650 19.080030
v -28.284353 7.954943 19.080030
v -28.030727 7.965549 19.090637
v -28.084351 7.965549 19.419930
v -28.030727 7.965549 19.419930
v -28.084351 7.965549 19.090637
v -28.084351 8.015048 19.419930
v -28.084351 8.015048 19.090637
v -28.030729 8.015048 19.090637
v -28.030729 8.015048 19.419930
v -28.030727 7.965549 19.090637
v -28.030727 7.965549 19.419930
v -28.684353 7.954943 19.430536
v -28.284353 7.625650 19.480034
v -28.284353 7.625650 19.430536
v -28.684353 7.954943 19.480034
v -28.230730 7.625650 19.480034
v -28.630730 7.954943 19.480034
v -28.230730 7.625650 19.430536
v -28.630730 7.954943 19.430536
v -28.684353 7.954943 19.430536
v -28.284353 7.625650 19.430536
v -28.684353 7.965549 19.419930
v -28.284353 7.965549 19.090637
v -28.284353 8.015047 19.090637
v -28.684353 8.015047 19.419930
v -28.230732 8.015047 19.090637
v -28.630730 8.015047 19.419930
v -28.630730 7.965549 19.419930
v -28.230732 7.965549 19.090637
v -28.684353 7.965549 19.419930
v -28.284353 7.965549 19.090637
v -28.830730 7.954943 19.430536
v -28.884354 7.954943 19.430536
v -29.284351 7.625650 19.430536
v -29.230730 7.625650 19.430536
v -29.230730 7.625650 19.480034
v -28.830730 7.954943 19.480034
v -28.884354 7.954943 19.480034
v -29.284351 7.625650 19.480034
v -28.884354 7.954943 19.430536
v -29.284351 7.625650 19.430536
v -28.884354 8.015047 19.419930
v -28.884354 7.965549 19.419930
v -29.284353 7.965549 19.090637
v -29.284353 8.015047 19.090637
v -29.230730 8.015047 19.090637
v -28.830730 8.015047 19.419930
v -29.230730 7.965549 19.090637
v -28.830730 7.965549 19.419930
v -28.884354 7.965549 19.419930
v -29.284353 7.965549 19.090637
v -28.284353 7.615044 19.419930
v -28.684353 7.565546 19.090637
v -28.684353 7.615044 19.090637
v -28.284353 7.565546 19.419930
v -28.630730 7.565546 19.090637
v -28.230730 7.565546 19.419930
v -28.630730 7.615044 19.090637
v -28.230730 7.615044 19.419930
v -28.284353 7.615044 19.419930
v -28.684353 7.615044 19.090637
v -28.830730 7.625650 19.080030
v -28.884354 7.625650 19.080030
v -29.284353 7.954943 19.080030
v -29.230730 7.954943 19.080030
v -28.830730 7.625650 19.030533
v -29.230730 7.954943 19.030533
v -28.884354 7.625650 19.030533
v -29.284353 7.954943 19.030533
v -28.884354 7.625650 19.080030
v -29.284353 7.954943 19.080030
v -28.884354 7.565546 19.090637
v -28.884354 7.615044 19.090637
v -29.284351 7.615044 19.419930
v -29.284351 7.565546 19.419930
v -29.230730 7.565546 19.419930
v -28.830730 7.565546 19.090637
v -29.230730 7.615044 19.419930
v -28.830730 7.615044 19.090637
v -29.284351 7.615044 19.419930
v -28.884354 7.615044 19.090637
v -29.484356 7.954943 19.080030
v -29.430733 7.625650 19.080030
v -29.484356 7.625650 19.080030
v -29.430733 7.954943 19.080030
v -29.430733 7.954943 19.030533
v -29.430733 7.625650 19.030533
v -29.484356 7.954943 19.030533
v -29.484356 7.625650 19.030533
v -29.484356 7.954943 19.080030
v -29.484356 7.625650 19.080030
v -29.484356 7.954943 19.430536
v -29.484356 7.625649 19.480034
v -29.484356 7.625649 19.430536
v -29.484356 7.954943 19.480034
v -29.430733 7.954943 19.480034
v -29.430733 7.625649 19.480034
v -29.430733 7.625649 19.430536
v -29.430733 7.954943 19.430536
v -29.484356 7.954943 19.430536
v -29.484356 7.625649 19.430536
v -29.484354 7.565545 19.419930
v -29.484356 7.615044 19.090637
v -29.484356 7.615044 19.419930
v -29.484354 7.565545 19.090637
v -29.430733 7.565545 19.419930
v -29.430733 7.565545 19.090637
v -29.430733 7.615044 19.090637
v -29.430733 7.615044 19.419930
v -29.484356 7.615044 19.090637
v -29.484356 7.615044 19.419930
v -29.430733 7.965549 19.090637
v -29.484356 7.965549 19.090637
v -29.484356 7.965549 19.419930
v -29.430733 7.965549 19.419930
v -29.430733 8.015047 19.419930
v -29.430733 8.015047 19.090637
v -29.484356 8.015047 19.419930
v -29.484356 8.015047 19.090637
v -29.484356 7.965549 19.090637
v -29.484356 7.965549 19.419930
v -26.357540 7.954939 19.490641
v -26.357540 7.954939 19.419930
v -27.957542 7.954944 19.419930
v -27.957542 7.954943 19.490641
v -26.357540 8.025650 19.490641
v -27.957542 8.025654 19.490641
v -26.357540 8.025650 19.419930
v -27.957542 8.025654 19.419930
v -26.357540 7.954939 19.419930
v -27.957542 7.954944 19.419930
v -26.357540 7.625651 19.419930
v -27.957542 7.625650 19.490641
v -27.957542 7.625650 19.419930
v -26.357540 7.625651 19.490641
v -27.957542 7.554939 19.490641
v -26.357540 7.554940 19.490641
v -27.957542 7.554939 19.419930
v -26.357540 7.554940 19.419930
v -27.957542 7.625650 19.419930
v -26.357540 7.625651 19.419930
v -26.357540 8.025650 19.090637
v -26.357540 7.954939 19.090637
v -27.957542 7.954939 19.090637
v -27.957542 8.025649 19.090637
v -26.357540 8.025650 19.019926
v -27.957542 8.025649 19.019926
v -26.357540 7.954939 19.019926
v -27.957542 7.954944 19.019926
v -26.357540 7.954939 19.090637
v -27.957542 7.954939 19.090637
v -26.357540 7.625651 19.019926
v -26.357540 7.625651 19.090637
v -27.957542 7.625650 19.090637
v -27.957542 7.625650 19.019926
v -26.357540 7.554940 19.019926
v -27.957542 7.554939 19.019926
v -26.357540 7.554940 19.090637
v -27.957542 7.554939 19.090637
v -26.357540 7.625651 19.090637
v -27.957542 7.625650 19.090637
v -26.484350 7.954939 19.080030
v -26.430733 7.954939 19.080030
v -26.430733 7.625651 19.080030
v -26.484350 7.625651 19.080030
v -26.484350 7.625651 19.030533
v -26.484350 7.954939 19.030533
v -26.430733 7.625651 19.030533
v -26.430733 7.954939 19.030533
v -26.430733 7.625651 19.080030
v -26.430733 7.954939 19.080030
v -26.484350 7.615045 19.090637
v -26.430733 7.615045 19.090637
v -26.430733 7.615045 19.419930
v -26.484350 7.615045 19.419930
v -26.484350 7.565547 19.090637
v -26.484350 7.565547 19.419930
v -26.430733 7.565547 19.090637
v -26.430733 7.565547 19.419930
v -26.430733 7.615045 19.090637
v -26.430733 7.615045 19.419930
v -26.430733 7.625651 19.430536
v -26.430733 7.954939 19.430536
v -26.484350 7.954939 19.430536
v -26.484350 7.625651 19.430536
v -26.484350 7.954939 19.480034
v -26.484350 7.625651 19.480034
v -26.430733 7.954939 19.480034
v -26.430733 7.625651 19.480034
v -26.430733 7.954939 19.430536
v -26.430733 7.625651 19.430536
v -26.630730 7.954939 19.080030
v -27.084351 7.625651 19.080030
v -26.684353 7.954939 19.080030
v -27.030733 7.625651 19.080030
v -27.030733 7.625651 19.030533
v -26.630730 7.954939 19.030533
v -27.084351 7.625651 19.030533
v -26.684353 7.954939 19.030533
v -27.084351 7.625651 19.080030
v -26.684353 7.954939 19.080030
v -26.430733 7.965546 19.090637
v -26.484350 7.965546 19.419930
v -26.430733 7.965546 19.419930
v -26.484350 7.965546 19.090637
v -26.484350 8.015043 19.419930
v -26.484350 8.015043 19.090637
v -26.430733 8.015043 19.090637
v -26.430733 8.015043 19.419930
v -26.430733 7.965546 19.090637
v -26.430733 7.965546 19.419930
v -27.084351 7.954939 19.430536
v -26.684353 7.625651 19.480034
v -26.684353 7.625651 19.430536
v -27.084351 7.954939 19.480034
v -26.630730 7.625651 19.480034
v -27.030733 7.954939 19.480034
v -26.630730 7.625651 19.430536
v -27.030733 7.954939 19.430536
v -27.084351 7.954939 19.430536
v -26.684353 7.625651 19.430536
v -27.084351 7.965546 19.419930
v -26.684353 7.965546 19.090637
v -26.684353 8.015043 19.090637
v -27.084351 8.015043 19.419930
v -26.630730 8.015043 19.090637
v -27.030733 8.015043 19.419930
v -27.030733 7.965546 19.419930
v -26.630730 7.965546 19.090637
v -27.084351 7.965546 19.419930
v -26.684353 7.965546 19.090637
v -27.230732 7.954939 19.430536
v -27.284353 7.954939 19.430536
v -27.684353 7.625650 19.430536
v -27.630733 7.625650 19.430536
v -27.630733 7.625650 19.480034
v -27.230732 7.954939 19.480034
v -27.284353 7.954939 19.480034
v -27.684353 7.625650 19.480034
v -27.284353 7.954939 19.430536
v -27.684353 7.625650 19.430536
v -27.284353 8.015043 19.419930
v -27.284353 7.965546 19.419930
v -27.684353 7.965545 19.090637
v -27.684353 8.015043 19.090637
v -27.630733 8.015043 19.090637
v -27.230732 8.015043 19.419930
v -27.630733 7.965545 19.090637
v -27.230732 7.965546 19.419930
v -27.284353 7.965546 19.419930
v -27.684353 7.965545 19.090637
v -26.684353 7.615045 19.419930
v -27.084351 7.565546 19.090637
v -27.084351 7.615045 19.090637
v -26.684353 7.565547 19.419930
v -27.030733 7.565546 19.090637
v -26.630730 7.565547 19.419930
v -27.030733 7.615045 19.090637
v -26.630730 7.615045 19.419930
v -26.684353 7.615045 19.419930
v -27.084351 7.615045 19.090637
v -27.230730 7.625650 19.080030
v -27.284353 7.625650 19.080030
v -27.684353 7.954939 19.080030
v -27.630733 7.954939 19.080030
v -27.230730 7.625650 19.030533
v -27.630733 7.954939 19.030533
v -27.284353 7.625650 19.030533
v -27.684353 7.954939 19.030533
v -27.284353 7.625650 19.080030
v -27.684353 7.954939 19.080030
v -27.284353 7.565546 19.090637
v -27.284353 7.615045 19.090637
v -27.684353 7.615045 19.419930
v -27.684353 7.565546 19.419930
v -27.630733 7.565546 19.419930
v -27.230730 7.565546 19.090637
v -27.630733 7.615045 19.419930
v -27.230730 7.615045 19.090637
v -27.684353 7.615045 19.419930
v -27.284353 7.615045 19.090637
v -27.884354 7.954939 19.080030
v -27.830730 7.625650 19.080030
v -27.884354 7.625650 19.080030
v -27.830730 7.954939 19.080030
v -27.830730 7.954939 19.030533
v -27.830730 7.625650 19.030533
v -27.884354 7.954939 19.030533
v -27.884354 7.625650 19.030533
v -27.884354 7.954939 19.080030
v -27.884354 7.625650 19.080030
v -27.884354 7.954939 19.430536
v -27.884354 7.625650 19.480034
v -27.884354 7.625650 19.430536
v -27.884354 7.954939 19.480034
v -27.830730 7.954939 19.480034
v -27.830730 7.625650 19.480034
v -27.830730 7.625650 19.430536
v -27.830730 7.954939 19.430536
v -27.884354 7.954939 19.430536
v -27.884354 7.625650 19.430536
v -27.884354 7.565546 19.419930
v -27.884354 7.615045 19.090637
v -27.884354 7.615045 19.419930
v -27.884354 7.565546 19.090637
v -27.830730 7.565546 19.419930
v -27.830730 7.565546 19.090637
v -27.830730 7.615045 19.090637
v -27.830730 7.615045 19.419930
v -27.884354 7.615045 19.090637
v -27.884354 7.615045 19.419930
v -27.830730 7.965545 19.090637
v -27.884354 7.965545 19.090637
v -27.884354 7.965545 19.419930
v -27.830730 7.965545 19.419930
v -27.830730 8.015043 19.419930
v -27.830730 8.015043 19.090637
v -27.884354 8.015043 19.419930
v -27.884354 8.015043 19.090637
v -27.884354 7.965545 19.090637
v -27.884354 7.965545 19.419930
v -29.557541 7.954943 19.490641
v -29.557541 7.954943 19.419930
v -31.157543 7.954942 19.419930
v -31.157543 7.954942 19.490641
v -29.557541 8.025654 19.490641
v -31.157543 8.025653 19.490641
v -29.557541 8.025654 19.419930
v -31.157543 8.025653 19.419930
v -29.557541 7.954943 19.419930
v -31.157543 7.954942 19.419930
v -29.557541 7.625649 19.419930
v -31.157543 7.625654 19.490641
v -31.157543 7.625654 19.419930
v -29.557541 7.625654 19.490641
v -31.157543 7.554943 19.490641
v -29.557541 7.554939 19.490641
v -31.157543 7.554943 19.419930
v -29.557541 7.554939 19.419930
v -31.157543 7.625654 19.419930
v -29.557541 7.625649 19.419930
v -29.557541 8.025654 19.090637
v -29.557541 7.954943 19.090637
v -31.157543 7.954942 19.090637
v -31.157543 8.025653 19.090637
v -29.557541 8.025654 19.019926
v -31.157543 8.025653 19.019926
v -29.557541 7.954943 19.019926
v -31.157543 7.954942 19.019926
v -29.557541 7.954943 19.090637
v -31.157543 7.954942 19.090637
v -29.557541 7.625654 19.019926
v -29.557541 7.625649 19.090637
v -31.157543 7.625654 19.090637
v -31.157543 7.625654 19.019926
v -29.557541 7.554939 19.019926
v -31.157543 7.554943 19.019926
v -29.557541 7.554939 19.090637
v -31.157543 7.554943 19.090637
v -29.557541 7.625649 19.090637
v -31.157543 7.625654 19.090637
v -29.684353 7.954943 19.080030
v -29.630730 7.954943 19.080030
v -29.630730 7.625654 19.080030
v -29.684353 7.625654 19.080030
v -29.684353 7.625654 19.030533
v -29.684353 7.954943 19.030533
v -29.630730 7.625654 19.030533
v -29.630730 7.954943 19.030533
v -29.630730 7.625654 19.080030
v -29.630730 7.954943 19.080030
v -29.684353 7.615048 19.090637
v -29.630730 7.615048 19.090637
v -29.630730 7.615048 19.419930
v -29.684353 7.615048 19.419930
v -29.684353 7.565550 19.090637
v -29.684353 7.565550 19.419930
v -29.630730 7.565550 19.090637
v -29.630730 7.565550 19.419930
v -29.630730 7.615048 19.090637
v -29.630730 7.615048 19.419930
v -29.630730 7.625654 19.430536
v -29.630730 7.954943 19.430536
v -29.684353 7.954943 19.430536
v -29.684353 7.625654 19.430536
v -29.684353 7.954943 19.480034
v -29.684353 7.625654 19.480034
v -29.630730 7.954943 19.480034
v -29.630730 7.625654 19.480034
v -29.630730 7.954943 19.430536
v -29.630730 7.625654 19.430536
v -29.830730 7.954943 19.080030
v -30.284351 7.625654 19.080030
v -29.884350 7.954943 19.080030
v -30.230730 7.625654 19.080030
v -30.230730 7.625654 19.030533
v -29.830730 7.954943 19.030533
v -30.284351 7.625654 19.030533
v -29.884350 7.954943 19.030533
v -30.284351 7.625654 19.080030
v -29.884350 7.954943 19.080030
v -29.630730 7.965549 19.090637
v -29.684353 7.965549 19.419930
v -29.630730 7.965549 19.419930
v -29.684353 7.965549 19.090637
v -29.684353 8.015047 19.419930
v -29.684353 8.015047 19.090637
v -29.630730 8.015047 19.090637
v -29.630730 8.015047 19.419930
v -29.630730 7.965549 19.090637
v -29.630730 7.965549 19.419930
v -30.284353 7.954943 19.430536
v -29.884350 7.625654 19.480034
v -29.884350 7.625654 19.430536
v -30.284353 7.954943 19.480034
v -29.830730 7.625654 19.480034
v -30.230730 7.954943 19.480034
v -29.830730 7.625654 19.430536
v -30.230730 7.954943 19.430536
v -30.284353 7.954943 19.430536
v -29.884350 7.625654 19.430536
v -30.284353 7.965549 19.419930
v -29.884350 7.965549 19.090637
v -29.884350 8.015047 19.090637
v -30.284353 8.015047 19.419930
v -29.830730 8.015047 19.090637
v -30.230730 8.015047 19.419930
v -30.230730 7.965549 19.419930
v -29.830730 7.965549 19.090637
v -30.284353 7.965549 19.419930
v -29.884350 7.965549 19.090637
v -30.430733 7.954942 19.430536
v -30.484350 7.954942 19.430536
v -30.884354 7.625654 19.430536
v -30.830730 7.625654 19.430536
v -30.830730 7.625654 19.480034
v -30.430733 7.954942 19.480034
v -30.484350 7.954942 19.480034
v -30.884354 7.625654 19.480034
v -30.484350 7.954942 19.430536
v -30.884354 7.625654 19.430536
v -30.484350 8.015047 19.419930
v -30.484350 7.965549 19.419930
v -30.884354 7.965549 19.090637
v -30.884354 8.015046 19.090637
v -30.830730 8.015046 19.090637
v -30.430733 8.015047 19.419930
v -30.830730 7.965549 19.090637
v -30.430733 7.965549 19.419930
v -30.484350 7.965549 19.419930
v -30.884354 7.965549 19.090637
v -29.884350 7.615048 19.419930
v -30.284351 7.565550 19.090637
v -30.284351 7.615047 19.090637
v -29.884350 7.565550 19.419930
v -30.230730 7.565550 19.090637
v -29.830730 7.565550 19.419930
v -30.230730 7.615047 19.090637
v -29.830730 7.615048 19.419930
v -29.884350 7.615048 19.419930
v -30.284351 7.615047 19.090637
v -30.430733 7.625654 19.080030
v -30.484350 7.625654 19.080030
v -30.884354 7.954942 19.080030
v -30.830730 7.954942 19.080030
v -30.430733 7.625654 19.030533
v -30.830730 7.954942 19.030533
v -30.484350 7.625654 19.030533
v -30.884354 7.954942 19.030533
v -30.484350 7.625654 19.080030
v -30.884354 7.954942 19.080030
v -30.484350 7.565550 19.090637
v -30.484350 7.615047 19.090637
v -30.884354 7.615047 19.419930
v -30.884354 7.565550 19.419930
v -30.830730 7.565550 19.419930
v -30.430733 7.565550 19.090637
v -30.830730 7.615047 19.419930
v -30.430733 7.615047 19.090637
v -30.884354 7.615047 19.419930
v -30.484350 7.615047 19.090637
v -31.084351 7.954942 19.080030
v -31.030733 7.625654 19.080030
v -31.084351 7.625654 19.080030
v -31.030733 7.954942 19.080030
v -31.030733 7.954942 19.030533
v -31.030733 7.625654 19.030533
v -31.084351 7.954942 19.030533
v -31.084351 7.625654 19.030533
v -31.084351 7.954942 19.080030
v -31.084351 7.625654 19.080030
v -31.084351 7.954942 19.430536
v -31.084351 7.625654 19.480034
v -31.084351 7.625654 19.430536
v -31.084351 7.954942 19.480034
v -31.030733 7.954942 19.480034
v -31.030733 7.625654 19.480034
v -31.030733 7.625654 19.430536
v -31.030733 7.954942 19.430536
v -31.084351 7.954942 19.430536
v -31.084351 7.625654 19.430536
v -31.084351 7.565550 19.419930
v -31.084351 7.615047 19.090637
v -31.084351 7.615047 19.419930
v -31.084351 7.565550 19.090637
v -31.030733 7.565550 19.419930
v -31.030733 7.565550 19.090637
v -31.030733 7.615047 19.090637
v -31.030733 7.615047 19.419930
v -31.084351 7.615047 19.090637
v -31.084351 7.615047 19.419930
v -31.030733 7.965549 19.090637
v -31.084351 7.965549 19.090637
v -31.084351 7.965549 19.419930
v -31.030733 7.965549 19.419930
v -31.030733 8.015046 19.419930
v -31.030733 8.015046 19.090637
v -31.084351 8.015046 19.419930
v -31.084351 8.015046 19.090637
v -31.084351 7.965549 19.090637
v -31.084351 7.965549 19.419930
v -26.357540 7.954939 19.490641
v -26.357540 8.025650 19.490641
v -26.357540 8.025650 19.419930
v -26.357540 7.954939 19.419930
v -26.357540 8.025650 19.019926
v -26.357540 7.954939 19.019926
v -26.357540 7.954939 19.090637
v -26.357540 8.025650 19.090637
v -26.357540 7.625651 19.090637
v -26.357540 7.625651 19.019926
v -26.357540 7.554940 19.019926
v -26.357540 7.554940 19.090637
v -26.357540 7.554940 19.419930
v -26.357540 7.554940 19.490641
v -26.357540 7.625651 19.490641
v -26.357540 7.625651 19.419930
v -31.157543 7.625654 19.019926
v -31.157543 7.625654 19.090637
v -31.157543 7.554943 19.090637
v -31.157543 7.554943 19.019926
v -31.157543 7.954942 19.090637
v -31.157543 7.954942 19.019926
v -31.157543 8.025653 19.019926
v -31.157543 8.025653 19.090637
v -31.157543 7.954942 19.490641
v -31.157543 7.954942 19.419930
v -31.157543 8.025653 19.419930
v -31.157543 8.025653 19.490641
v -31.157543 7.625654 19.419930
v -31.157543 7.625654 19.490641
v -31.157543 7.554943 19.490641
v -31.157543 7.554943 19.419930
v -27.957542 7.954943 19.490641
v -29.557541 7.954943 19.490641
v -29.557541 7.954943 19.490641
v -31.157543 7.954942 19.490641
v -26.357540 7.954939 19.490641
v -27.957542 7.954943 19.490641
v -27.957542 8.025654 19.419930
v -27.957542 8.025654 19.490641
v -29.557541 8.025654 19.490641
v -29.557541 8.025654 19.419930
v -29.557541 8.025654 19.419930
v -29.557541 8.025654 19.490641
v -31.157543 8.025653 19.490641
v -31.157543 8.025653 19.419930
v -26.357540 8.025650 19.419930
v -27.957542 8.025654 19.490641
v -27.957542 8.025654 19.419930
v -26.357540 8.025650 19.490641
v -29.557541 7.625654 19.490641
v -29.557541 7.625654 19.490641
v -31.157543 7.625654 19.490641
v -27.957542 7.625650 19.490641
v -27.957542 7.625650 19.490641
v -26.357540 7.625651 19.490641
v -26.357540 7.554940 19.490641
v -27.957542 7.554939 19.490641
v -27.957542 7.554939 19.490641
v -29.557541 7.554939 19.490641
v -29.557541 7.554939 19.490641
v -31.157543 7.554943 19.490641
v -27.957542 7.554939 19.419930
v -27.957542 7.554939 19.419930
v -26.357540 7.554940 19.419930
v -29.557541 7.554939 19.419930
v -29.557541 7.554939 19.419930
v -31.157543 7.554943 19.419930
v -27.957542 8.025649 19.090637
v -29.557541 8.025654 19.090637
v -29.557541 8.025654 19.090637
v -31.157543 8.025653 19.090637
v -27.957542 8.025649 19.090637
v -26.357540 8.025650 19.090637
v -29.557541 8.025654 19.019926
v -27.957542 7.954944 19.019926
v -27.957542 8.025649 19.019926
v -27.957542 8.025649 19.019926
v -27.957542 7.954944 19.019926
v -26.357540 7.954939 19.019926
v -26.357540 8.025650 19.019926
v -29.557541 7.954943 19.019926
v -31.157543 8.025653 19.019926
v -29.557541 7.954943 19.019926
v -29.557541 8.025654 19.019926
v -31.157543 7.954942 19.019926
v -26.357540 7.554940 19.090637
v -26.357540 7.554940 19.019926
v -27.957542 7.554939 19.019926
v -27.957542 7.554939 19.090637
v -27.957542 7.554939 19.090637
v -27.957542 7.554939 19.019926
v -29.557541 7.554939 19.019926
v -29.557541 7.554939 19.090637
v -29.557541 7.554939 19.090637
v -29.557541 7.554939 19.019926
v -31.157543 7.554943 19.019926
v -31.157543 7.554943 19.090637
v -27.957542 7.625650 19.019926
v -29.557541 7.625654 19.019926
v -29.557541 7.625654 19.019926
v -31.157543 7.625654 19.019926
v -26.357540 7.625651 19.019926
v -27.957542 7.625650 19.019926
v -28.084351 7.954944 19.080030
v -28.084351 7.625650 19.080030
v -28.030727 7.625650 19.030533
v -28.084351 7.954944 19.030533
v -28.084351 7.625650 19.030533
v -28.030727 7.954944 19.030533
v -28.084351 7.615044 19.419930
v -28.084351 7.615044 19.090637
v -28.030727 7.565546 19.090637
v -28.084351 7.565546 19.090637
v -28.084351 7.565546 19.419930
v -28.030727 7.565546 19.419930
v -28.084351 7.625650 19.430536
v -28.084351 7.954943 19.430536
v -28.084351 7.625650 19.480034
v -28.084351 7.954943 19.480034
v -28.030727 7.954943 19.480034
v -28.030727 7.625650 19.480034
v -28.230732 7.954943 19.080030
v -28.630730 7.625650 19.080030
v -28.230732 7.954943 19.030533
v -28.284353 7.954943 19.030533
v -28.684353 7.625650 19.030533
v -28.630730 7.625650 19.030533
v -28.030729 8.015048 19.090637
v -28.030729 8.015048 19.419930
v -28.084351 7.965549 19.090637
v -28.084351 8.015048 19.090637
v -28.084351 8.015048 19.419930
v -28.084351 7.965549 19.419930
v -28.630730 7.954943 19.430536
v -28.230730 7.625650 19.430536
v -28.684353 7.954943 19.480034
v -28.630730 7.954943 19.480034
v -28.230730 7.625650 19.480034
v -28.284353 7.625650 19.480034
v -28.684353 8.015047 19.419930
v -28.284353 8.015047 19.090637
v -28.630730 7.965549 19.419930
v -28.630730 8.015047 19.419930
v -28.230732 8.015047 19.090637
v -28.230732 7.965549 19.090637
v -28.830730 7.954943 19.430536
v -29.230730 7.625650 19.430536
v -28.884354 7.954943 19.480034
v -28.830730 7.954943 19.480034
v -29.230730 7.625650 19.480034
v -29.284351 7.625650 19.480034
v -28.884354 8.015047 19.419930
v -29.284353 8.015047 19.090637
v -29.230730 7.965549 19.090637
v -28.830730 8.015047 19.419930
v -29.230730 8.015047 19.090637
v -28.830730 7.965549 19.419930
v -28.230730 7.615044 19.419930
v -28.630730 7.615044 19.090637
v -28.284353 7.565546 19.419930
v -28.230730 7.565546 19.419930
v -28.630730 7.565546 19.090637
v -28.684353 7.565546 19.090637
v -29.230730 7.954943 19.080030
v -28.830730 7.625650 19.080030
v -28.884354 7.625650 19.030533
v -28.830730 7.625650 19.030533
v -29.230730 7.954943 19.030533
v -29.284353 7.954943 19.030533
v -28.884354 7.565546 19.090637
v -29.284351 7.565546 19.419930
v -29.230730 7.615044 19.419930
v -28.830730 7.565546 19.090637
v -29.230730 7.565546 19.419930
v -28.830730 7.615044 19.090637
v -29.484356 7.954943 19.030533
v -29.484356 7.625650 19.030533
v -29.430733 7.625650 19.080030
v -29.430733 7.954943 19.030533
v -29.430733 7.625650 19.030533
v -29.430733 7.954943 19.080030
v -29.430733 7.954943 19.430536
v -29.430733 7.625649 19.430536
v -29.484356 7.625649 19.480034
v -29.430733 7.954943 19.480034
v -29.430733 7.625649 19.480034
v -29.484356 7.954943 19.480034
v -29.430733 7.615044 19.090637
v -29.430733 7.615044 19.419930
v -29.430733 7.565545 19.419930
v -29.430733 7.565545 19.090637
v -29.484354 7.565545 19.090637
v -29.484354 7.565545 19.419930
v -29.430733 7.965549 19.090637
v -29.430733 7.965549 19.419930
v -29.484356 8.015047 19.419930
v -29.430733 8.015047 19.090637
v -29.430733 8.015047 19.419930
v -29.484356 8.015047 19.090637
v -26.484350 7.954939 19.080030
v -26.484350 7.625651 19.080030
v -26.430733 7.625651 19.030533
v -26.484350 7.954939 19.030533
v -26.484350 7.625651 19.030533
v -26.430733 7.954939 19.030533
v -26.484350 7.615045 19.419930
v -26.484350 7.615045 19.090637
v -26.430733 7.565547 19.090637
v -26.484350 7.565547 19.090637
v -26.484350 7.565547 19.419930
v -26.430733 7.565547 19.419930
v -26.484350 7.625651 19.430536
v -26.484350 7.954939 19.430536
v -26.484350 7.625651 19.480034
v -26.484350 7.954939 19.480034
v -26.430733 7.954939 19.480034
v -26.430733 7.625651 19.480034
v -26.630730 7.954939 19.080030
v -27.030733 7.625651 19.080030
v -26.630730 7.954939 19.030533
v -26.684353 7.954939 19.030533
v -27.084351 7.625651 19.030533
v -27.030733 7.625651 19.030533
v -26.430733 8.015043 19.090637
v -26.430733 8.015043 19.419930
v -26.484350 7.965546 19.090637
v -26.484350 8.015043 19.090637
v -26.484350 8.015043 19.419930
v -26.484350 7.965546 19.419930
v -27.030733 7.954939 19.430536
v -26.630730 7.625651 19.430536
v -27.084351 7.954939 19.480034
v -27.030733 7.954939 19.480034
v -26.630730 7.625651 19.480034
v -26.684353 7.625651 19.480034
v -27.084351 8.015043 19.419930
v -26.684353 8.015043 19.090637
v -27.030733 7.965546 19.419930
v -27.030733 8.015043 19.419930
v -26.630730 8.015043 19.090637
v -26.630730 7.965546 19.090637
v -27.284353 7.954939 19.480034
v -27.230732 7.954939 19.480034
v -27.630733 7.625650 19.480034
v -27.684353 7.625650 19.480034
v -27.230732 7.954939 19.430536
v -27.630733 7.625650 19.430536
v -27.284353 8.015043 19.419930
v -27.684353 8.015043 19.090637
v -27.630733 7.965545 19.090637
v -27.230732 8.015043 19.419930
v -27.630733 8.015043 19.090637
v -27.230732 7.965546 19.419930
v -26.630730 7.615045 19.419930
v -27.030733 7.615045 19.090637
v -26.684353 7.565547 19.419930
v -26.630730 7.565547 19.419930
v -27.030733 7.565546 19.090637
v -27.084351 7.565546 19.090637
v -27.630733 7.954939 19.080030
v -27.230730 7.625650 19.080030
v -27.284353 7.625650 19.030533
v -27.230730 7.625650 19.030533
v -27.630733 7.954939 19.030533
v -27.684353 7.954939 19.030533
v -27.284353 7.565546 19.090637
v -27.684353 7.565546 19.419930
v -27.630733 7.615045 19.419930
v -27.230730 7.565546 19.090637
v -27.630733 7.565546 19.419930
v -27.230730 7.615045 19.090637
v -27.884354 7.954939 19.030533
v -27.884354 7.625650 19.030533
v -27.830730 7.625650 19.080030
v -27.830730 7.954939 19.030533
v -27.830730 7.625650 19.030533
v -27.830730 7.954939 19.080030
v -27.830730 7.954939 19.430536
v -27.830730 7.625650 19.430536
v -27.884354 7.625650 19.480034
v -27.830730 7.954939 19.480034
v -27.830730 7.625650 19.480034
v -27.884354 7.954939 19.480034
v -27.830730 7.615045 19.090637
v -27.830730 7.615045 19.419930
v -27.830730 7.565546 19.419930
v -27.830730 7.565546 19.090637
v -27.884354 7.565546 19.090637
v -27.884354 7.565546 19.419930
v -27.830730 7.965545 19.090637
v -27.830730 7.965545 19.419930
v -27.884354 8.015043 19.419930
v -27.830730 8.015043 19.090637
v -27.830730 8.015043 19.419930
v -27.884354 8.015043 19.090637
v -29.684353 7.954943 19.080030
v -29.684353 7.625654 19.080030
v -29.630730 7.625654 19.030533
v -29.684353 7.954943 19.030533
v -29.684353 7.625654 19.030533
v -29.630730 7.954943 19.030533
v -29.684353 7.615048 19.419930
v -29.684353 7.615048 19.090637
v -29.630730 7.565550 19.090637
v -29.684353 7.565550 19.090637
v -29.684353 7.565550 19.419930
v -29.630730 7.565550 19.419930
v -29.684353 7.625654 19.430536
v -29.684353 7.954943 19.430536
v -29.684353 7.625654 19.480034
v -29.684353 7.954943 19.480034
v -29.630730 7.954943 19.480034
v -29.630730 7.625654 19.480034
v -29.830730 7.954943 19.080030
v -30.230730 7.625654 19.080030
v -29.830730 7.954943 19.030533
v -29.884350 7.954943 19.030533
v -30.284351 7.625654 19.030533
v -30.230730 7.625654 19.030533
v -29.630730 8.015047 19.090637
v -29.630730 8.015047 19.419930
v -29.684353 7.965549 19.090637
v -29.684353 8.015047 19.090637
v -29.684353 8.015047 19.419930
v -29.684353 7.965549 19.419930
v -30.230730 7.954943 19.430536
v -29.830730 7.625654 19.430536
v -30.284353 7.954943 19.480034
v -30.230730 7.954943 19.480034
v -29.830730 7.625654 19.480034
v -29.884350 7.625654 19.480034
v -30.284353 8.015047 19.419930
v -29.884350 8.015047 19.090637
v -30.230730 7.965549 19.419930
v -30.230730 8.015047 19.419930
v -29.830730 8.015047 19.090637
v -29.830730 7.965549 19.090637
v -30.430733 7.954942 19.430536
v -30.830730 7.625654 19.430536
v -30.484350 7.954942 19.480034
v -30.430733 7.954942 19.480034
v -30.830730 7.625654 19.480034
v -30.884354 7.625654 19.480034
v -30.484350 8.015047 19.419930
v -30.884354 8.015046 19.090637
v -30.830730 7.965549 19.090637
v -30.430733 8.015047 19.419930
v -30.830730 8.015046 19.090637
v -30.430733 7.965549 19.419930
v -29.830730 7.615048 19.419930
v -30.230730 7.615047 19.090637
v -29.884350 7.565550 19.419930
v -29.830730 7.565550 19.419930
v -30.230730 7.565550 19.090637
v -30.284351 7.565550 19.090637
v -30.830730 7.954942 19.080030
v -30.430733 7.625654 19.080030
v -30.484350 7.625654 19.030533
v -30.430733 7.625654 19.030533
v -30.830730 7.954942 19.030533
v -30.884354 7.954942 19.030533
v -30.484350 7.565550 19.090637
v -30.884354 7.565550 19.419930
v -30.830730 7.615047 19.419930
v -30.430733 7.565550 19.090637
v -30.830730 7.565550 19.419930
v -30.430733 7.615047 19.090637
v -31.084351 7.954942 19.030533
v -31.084351 7.625654 19.030533
v -31.030733 7.625654 19.080030
v -31.030733 7.954942 19.030533
v -31.030733 7.625654 19.030533
v -31.030733 7.954942 19.080030
v -31.030733 7.954942 19.430536
v -31.030733 7.625654 19.430536
v -31.084351 7.625654 19.480034
v -31.030733 7.954942 19.480034
v -31.030733 7.625654 19.480034
v -31.084351 7.954942 19.480034
v -31.030733 7.615047 19.090637
v -31.030733 7.615047 19.419930
v -31.030733 7.565550 19.419930
v -31.030733 7.565550 19.090637
v -31.084351 7.565550 19.090637
v -31.084351 7.565550 19.419930
v -31.030733 7.965549 19.090637
v -31.030733 7.965549 19.419930
v -31.084351 8.015046 19.419930
v -31.030733 8.015046 19.090637
v -31.030733 8.015046 19.419930
v -31.084351 8.015046 19.090637
v -34.392899 7.222427 17.579407
v -34.322186 7.222427 17.579407
v -34.322186 6.546237 16.129313
v -34.392899 6.546237 16.129313
v -34.392899 7.286513 17.549522
v -34.392899 6.610323 16.099430
v -34.322186 7.286513 17.549522
v -34.322186 6.610323 16.099430
v -34.322186 7.222427 17.579407
v -34.322186 6.546237 16.129313
v -34.322186 6.923991 17.718571
v -34.392899 6.247800 16.268476
v -34.322186 6.247800 16.268476
v -34.392899 6.923991 17.718571
v -34.392899 6.183714 16.298361
v -34.392899 6.859905 17.748455
v -34.322186 6.183714 16.298361
v -34.322186 6.859905 17.748455
v -34.322186 6.247800 16.268476
v -34.322186 6.923991 17.718571
v -33.992897 7.286513 17.549522
v -33.992897 7.222427 17.579407
v -33.992897 6.546237 16.129313
v -33.992897 6.610323 16.099430
v -33.922188 7.286513 17.549522
v -33.922188 6.610323 16.099430
v -33.922188 7.222427 17.579407
v -33.922188 6.546237 16.129313
v -33.992897 7.222427 17.579407
v -33.992897 6.546237 16.129313
v -34.322186 6.859905 17.748455
v -34.392899 6.859905 17.748455
v -34.392899 6.923991 17.718571
v -34.322186 6.923991 17.718571
v -33.922188 6.859905 17.748455
v -33.992897 6.859905 17.748455
v -33.992897 6.923991 17.718571
v -33.922188 6.923991 17.718571
v -34.392899 7.222427 17.579407
v -34.392899 7.286513 17.549522
v -34.322186 7.286513 17.549522
v -34.322186 7.222427 17.579407
v -33.922188 7.222427 17.579407
v -33.992897 7.222427 17.579407
v -33.992897 7.286513 17.549522
v -33.922188 7.286513 17.549522
v -33.922188 6.923991 17.718571
v -33.992897 6.923991 17.718571
v -33.992897 6.247800 16.268476
v -33.922188 6.247800 16.268476
v -33.922188 6.859905 17.748455
v -33.922188 6.183714 16.298361
v -33.992897 6.859905 17.748455
v -33.992897 6.183714 16.298361
v -33.992897 6.923991 17.718571
v -33.992897 6.247800 16.268476
v -33.982292 7.168835 17.464478
v -33.982292 7.191495 17.513075
v -33.982292 6.893059 17.652237
v -33.982292 6.870399 17.603642
v -33.932793 6.870399 17.603642
v -33.932793 7.168835 17.464478
v -33.932793 6.893059 17.652237
v -33.932793 7.191495 17.513075
v -33.982292 6.893059 17.652237
v -33.982292 7.191495 17.513075
v -33.992897 6.860785 17.608124
v -33.992897 6.883446 17.656719
v -34.322186 6.883446 17.656719
v -34.322186 6.860785 17.608124
v -33.992897 6.815925 17.629044
v -34.322186 6.815925 17.629044
v -33.992897 6.838586 17.677639
v -34.322186 6.838586 17.677639
v -33.992897 6.883446 17.656719
v -34.322186 6.883446 17.656719
v -34.332794 6.893059 17.652237
v -34.332794 7.191495 17.513075
v -34.332794 7.168835 17.464478
v -34.332794 6.870399 17.603642
v -34.382290 7.168835 17.464478
v -34.382290 6.870399 17.603642
v -34.382290 7.191495 17.513075
v -34.382290 6.893059 17.652237
v -34.332794 7.191495 17.513075
v -34.332794 6.893059 17.652237
v -33.982292 7.106972 17.331812
v -33.982292 6.616827 17.059856
v -33.982292 7.084311 17.283216
v -33.982292 6.639488 17.108454
v -33.932793 6.639488 17.108454
v -33.932793 7.106972 17.331812
v -33.932793 6.616827 17.059856
v -33.932793 7.084311 17.283216
v -33.982292 6.616827 17.059856
v -33.982292 7.084311 17.283216
v -33.992897 7.201108 17.508591
v -34.322186 7.178448 17.459995
v -34.322186 7.201108 17.508591
v -33.992897 7.178448 17.459995
v -34.322186 7.223308 17.439077
v -33.992897 7.223308 17.439077
v -33.992897 7.245969 17.487673
v -34.322186 7.245969 17.487673
v -33.992897 7.201108 17.508591
v -34.322186 7.201108 17.508591
v -34.332794 6.915264 16.920694
v -34.382290 6.785874 17.422380
v -34.332794 6.785874 17.422380
v -34.382290 6.915264 16.920694
v -34.382290 6.808535 17.470976
v -34.382290 6.937924 16.969290
v -34.332794 6.808535 17.470976
v -34.332794 6.937924 16.969290
v -34.332794 6.915264 16.920694
v -34.332794 6.785874 17.422380
v -34.322186 6.924877 16.916212
v -33.992897 7.093924 17.278734
v -33.992897 7.138784 17.257814
v -34.322186 6.969737 16.895292
v -33.992897 7.161445 17.306412
v -34.322186 6.992398 16.943888
v -34.322186 6.947537 16.964808
v -33.992897 7.116584 17.327330
v -34.322186 6.924877 16.916212
v -33.992897 7.093924 17.278734
v -34.332794 6.853401 16.788029
v -34.332794 6.830739 16.739431
v -34.332794 6.363255 16.516069
v -34.332794 6.385916 16.564667
v -34.382290 6.385916 16.564667
v -34.382290 6.853401 16.788029
v -34.382290 6.830739 16.739431
v -34.382290 6.363255 16.516069
v -34.332794 6.830739 16.739431
v -34.332794 6.363255 16.516069
v -34.322186 6.885213 16.714029
v -34.322186 6.840352 16.734949
v -33.992897 6.671304 16.372425
v -33.992897 6.716165 16.351505
v -33.992897 6.738826 16.400103
v -34.322186 6.907874 16.762627
v -33.992897 6.693965 16.421022
v -34.322186 6.863013 16.783545
v -34.322186 6.840352 16.734949
v -33.992897 6.671304 16.372425
v -34.322186 6.776262 17.426863
v -33.992897 6.562354 17.085258
v -33.992897 6.607215 17.064339
v -34.322186 6.731401 17.447781
v -33.992897 6.585015 17.133854
v -34.322186 6.754062 17.496376
v -33.992897 6.629875 17.112936
v -34.322186 6.798923 17.475458
v -34.322186 6.776262 17.426863
v -33.992897 6.607215 17.064339
v -33.982292 6.554964 16.927191
v -33.982292 6.532303 16.878593
v -33.982292 6.661692 16.376907
v -33.982292 6.684353 16.425505
v -33.932793 6.554964 16.927191
v -33.932793 6.684353 16.425505
v -33.932793 6.532303 16.878593
v -33.932793 6.661692 16.376907
v -33.982292 6.532303 16.878593
v -33.982292 6.661692 16.376907
v -33.992897 6.477830 16.903996
v -33.992897 6.522690 16.883076
v -34.322186 6.353642 16.520554
v -34.322186 6.308782 16.541471
v -34.322186 6.331443 16.590069
v -33.992897 6.500491 16.952593
v -34.322186 6.376304 16.569149
v -33.992897 6.545352 16.931673
v -34.322186 6.353642 16.520554
v -33.992897 6.522690 16.883076
v -33.982292 6.577168 16.195646
v -33.982292 6.301393 16.383406
v -33.982292 6.278732 16.334810
v -33.982292 6.599829 16.244242
v -33.932793 6.599829 16.244242
v -33.932793 6.301393 16.383406
v -33.932793 6.577168 16.195646
v -33.932793 6.278732 16.334810
v -33.982292 6.577168 16.195646
v -33.982292 6.278732 16.334810
v -34.332794 6.577168 16.195646
v -34.382290 6.278732 16.334810
v -34.332794 6.278732 16.334810
v -34.382290 6.577168 16.195646
v -34.382290 6.599829 16.244242
v -34.382290 6.301393 16.383406
v -34.332794 6.301393 16.383406
v -34.332794 6.599829 16.244242
v -34.332794 6.577168 16.195646
v -34.332794 6.278732 16.334810
v -34.322186 6.224258 16.360210
v -33.992897 6.269119 16.339293
v -34.322186 6.269119 16.339293
v -33.992897 6.224258 16.360210
v -34.322186 6.246920 16.408806
v -33.992897 6.246920 16.408806
v -33.992897 6.291780 16.387888
v -34.322186 6.291780 16.387888
v -33.992897 6.269119 16.339293
v -34.322186 6.269119 16.339293
v -33.992897 6.609442 16.239759
v -33.992897 6.586782 16.191164
v -34.322186 6.586782 16.191164
v -34.322186 6.609442 16.239759
v -34.322186 6.654303 16.218842
v -33.992897 6.654303 16.218842
v -34.322186 6.631642 16.170246
v -33.992897 6.631642 16.170246
v -33.992897 6.586782 16.191164
v -34.322186 6.586782 16.191164
v -34.322186 6.183714 16.298361
v -34.392899 6.183714 16.298361
v -34.392899 6.247800 16.268476
v -34.322186 6.247800 16.268476
v -33.922188 6.183714 16.298361
v -33.992897 6.183714 16.298361
v -33.992897 6.247800 16.268476
v -33.922188 6.247800 16.268476
v -34.392899 6.546237 16.129313
v -34.392899 6.610324 16.099428
v -34.322186 6.610324 16.099430
v -34.322186 6.546237 16.129313
v -33.922188 6.546237 16.129313
v -33.992897 6.546237 16.129313
v -33.992897 6.610324 16.099428
v -33.922188 6.610324 16.099430
v -34.322186 6.610323 16.099430
v -34.322186 7.286513 17.549522
v -34.392899 7.286513 17.549522
v -34.392899 7.222427 17.579407
v -34.392899 6.546237 16.129313
v -34.392899 6.610323 16.099430
v -34.392899 6.923991 17.718571
v -34.392899 6.859905 17.748455
v -34.392899 6.183714 16.298361
v -34.392899 6.247800 16.268476
v -34.322186 6.859905 17.748455
v -34.322186 6.183714 16.298361
v -33.992897 7.286513 17.549522
v -33.992897 6.610323 16.099430
v -33.922188 6.610323 16.099430
v -33.922188 7.222427 17.579407
v -33.922188 7.286513 17.549522
v -33.922188 6.546237 16.129313
v -33.992897 6.859905 17.748455
v -33.992897 6.183714 16.298361
v -33.922188 6.247800 16.268476
v -33.922188 6.859905 17.748455
v -33.922188 6.923991 17.718571
v -33.922188 6.183714 16.298361
v -33.982292 7.168835 17.464478
v -33.982292 6.870399 17.603642
v -33.932793 6.893059 17.652237
v -33.932793 7.168835 17.464478
v -33.932793 6.870399 17.603642
v -33.932793 7.191495 17.513075
v -34.322186 6.860785 17.608124
v -33.992897 6.860785 17.608124
v -33.992897 6.838586 17.677639
v -33.992897 6.815925 17.629044
v -34.322186 6.815925 17.629044
v -34.322186 6.838586 17.677639
v -34.332794 6.870399 17.603642
v -34.332794 7.168835 17.464478
v -34.382290 6.870399 17.603642
v -34.382290 7.168835 17.464478
v -34.382290 7.191495 17.513075
v -34.382290 6.893059 17.652237
v -33.932793 7.084311 17.283216
v -33.932793 6.616827 17.059856
v -33.932793 7.106972 17.331812
v -33.932793 6.639488 17.108454
v -33.982292 7.106972 17.331812
v -33.982292 6.639488 17.108454
v -33.992897 7.245969 17.487673
v -34.322186 7.245969 17.487673
v -33.992897 7.178448 17.459995
v -33.992897 7.223308 17.439077
v -34.322186 7.223308 17.439077
v -34.322186 7.178448 17.459995
v -34.332794 6.937924 16.969290
v -34.332794 6.808535 17.470976
v -34.382290 6.915264 16.920694
v -34.382290 6.937924 16.969290
v -34.382290 6.808535 17.470976
v -34.382290 6.785874 17.422380
v -34.322186 6.969737 16.895292
v -33.992897 7.138784 17.257814
v -34.322186 6.947537 16.964808
v -34.322186 6.992398 16.943888
v -33.992897 7.161445 17.306412
v -33.992897 7.116584 17.327330
v -34.332794 6.853401 16.788029
v -34.332794 6.385916 16.564667
v -34.382290 6.830739 16.739431
v -34.382290 6.853401 16.788029
v -34.382290 6.385916 16.564667
v -34.382290 6.363255 16.516069
v -34.322186 6.885213 16.714029
v -33.992897 6.716165 16.351505
v -33.992897 6.693965 16.421022
v -34.322186 6.907874 16.762627
v -33.992897 6.738826 16.400103
v -34.322186 6.863013 16.783545
v -34.322186 6.798923 17.475458
v -33.992897 6.629875 17.112936
v -34.322186 6.731401 17.447781
v -34.322186 6.754062 17.496376
v -33.992897 6.585015 17.133854
v -33.992897 6.562354 17.085258
v -33.982292 6.684353 16.425505
v -33.982292 6.554964 16.927191
v -33.932793 6.532303 16.878593
v -33.932793 6.554964 16.927191
v -33.932793 6.684353 16.425505
v -33.932793 6.661692 16.376907
v -33.992897 6.477830 16.903996
v -34.322186 6.308782 16.541471
v -34.322186 6.376304 16.569149
v -33.992897 6.500491 16.952593
v -34.322186 6.331443 16.590069
v -33.992897 6.545352 16.931673
v -33.932793 6.577168 16.195646
v -33.932793 6.278732 16.334810
v -33.982292 6.301393 16.383406
v -33.932793 6.599829 16.244242
v -33.932793 6.301393 16.383406
v -33.982292 6.599829 16.244242
v -34.332794 6.599829 16.244242
v -34.332794 6.301393 16.383406
v -34.382290 6.278732 16.334810
v -34.382290 6.599829 16.244242
v -34.382290 6.301393 16.383406
v -34.382290 6.577168 16.195646
v -33.992897 6.291780 16.387888
v -34.322186 6.291780 16.387888
v -34.322186 6.246920 16.408806
v -33.992897 6.246920 16.408806
v -33.992897 6.224258 16.360210
v -34.322186 6.224258 16.360210
v -33.992897 6.609442 16.239759
v -34.322186 6.609442 16.239759
v -34.322186 6.631642 16.170246
v -33.992897 6.654303 16.218842
v -34.322186 6.654303 16.218842
v -33.992897 6.631642 16.170246
v -30.792896 7.222427 17.579407
v -30.722187 7.222427 17.579407
v -30.722187 6.546237 16.129313
v -30.792896 6.546237 16.129313
v -30.792896 7.286513 17.549522
v -30.792896 6.610323 16.099430
v -30.722187 7.286513 17.549522
v -30.722187 6.610323 16.099430
v -30.722187 7.222427 17.579407
v -30.722187 6.546237 16.129313
v -30.722187 6.923991 17.718571
v -30.792896 6.247800 16.268476
v -30.722187 6.247800 16.268476
v -30.792896 6.923991 17.718571
v -30.792896 6.183714 16.298361
v -30.792896 6.859905 17.748455
v -30.722187 6.183714 16.298361
v -30.722187 6.859905 17.748455
v -30.722187 6.247800 16.268476
v -30.722187 6.923991 17.718571
v -30.392899 7.286513 17.549522
v -30.392899 7.222427 17.579407
v -30.392899 6.546237 16.129313
v -30.392899 6.610323 16.099430
v -30.322186 7.286513 17.549522
v -30.322187 6.610323 16.099430
v -30.322186 7.222427 17.579407
v -30.322187 6.546237 16.129313
v -30.392899 7.222427 17.579407
v -30.392899 6.546237 16.129313
v -30.722187 6.859905 17.748455
v -30.792896 6.859905 17.748455
v -30.792896 6.923991 17.718571
v -30.722187 6.923991 17.718571
v -30.322186 6.859905 17.748455
v -30.392899 6.859905 17.748455
v -30.392899 6.923991 17.718571
v -30.322186 6.923991 17.718571
v -30.792896 7.222427 17.579407
v -30.792896 7.286513 17.549522
v -30.722187 7.286513 17.549522
v -30.722187 7.222427 17.579407
v -30.322186 7.222427 17.579407
v -30.392899 7.222427 17.579407
v -30.392899 7.286513 17.549522
v -30.322186 7.286513 17.549522
v -30.322186 6.923991 17.718571
v -30.392899 6.923991 17.718571
v -30.392899 6.247800 16.268476
v -30.322187 6.247800 16.268476
v -30.322186 6.859905 17.748455
v -30.322187 6.183714 16.298361
v -30.392899 6.859905 17.748455
v -30.392899 6.183714 16.298361
v -30.392899 6.923991 17.718571
v -30.392899 6.247800 16.268476
v -30.382292 7.168835 17.464478
v -30.382292 7.191495 17.513075
v -30.382292 6.893059 17.652237
v -30.382292 6.870399 17.603642
v -30.332794 6.870399 17.603642
v -30.332794 7.168835 17.464478
v -30.332794 6.893059 17.652237
v -30.332794 7.191495 17.513075
v -30.382292 6.893059 17.652237
v -30.382292 7.191495 17.513075
v -30.392899 6.860785 17.608124
v -30.392899 6.883446 17.656719
v -30.722187 6.883446 17.656719
v -30.722187 6.860785 17.608124
v -30.392899 6.815925 17.629044
v -30.722187 6.815925 17.629044
v -30.392899 6.838586 17.677639
v -30.722187 6.838586 17.677639
v -30.392899 6.883446 17.656719
v -30.722187 6.883446 17.656719
v -30.732792 6.893059 17.652237
v -30.732792 7.191495 17.513075
v -30.732792 7.168835 17.464478
v -30.732792 6.870399 17.603642
v -30.782291 7.168835 17.464478
v -30.782291 6.870399 17.603642
v -30.782291 7.191495 17.513075
v -30.782291 6.893059 17.652237
v -30.732792 7.191495 17.513075
v -30.732792 6.893059 17.652237
v -30.382292 7.106972 17.331812
v -30.382292 6.616827 17.059856
v -30.382292 7.084311 17.283216
v -30.382292 6.639488 17.108454
v -30.332794 6.639488 17.108454
v -30.332794 7.106972 17.331812
v -30.332794 6.616827 17.059856
v -30.332794 7.084311 17.283216
v -30.382292 6.616827 17.059856
v -30.382292 7.084311 17.283216
v -30.392899 7.201108 17.508591
v -30.722187 7.178448 17.459995
v -30.722187 7.201108 17.508591
v -30.392899 7.178448 17.459995
v -30.722187 7.223308 17.439077
v -30.392899 7.223308 17.439077
v -30.392899 7.245969 17.487673
v -30.722187 7.245969 17.487673
v -30.392899 7.201108 17.508591
v -30.722187 7.201108 17.508591
v -30.732792 6.915264 16.920694
v -30.782291 6.785874 17.422380
v -30.732792 6.785874 17.422380
v -30.782291 6.915264 16.920694
v -30.782291 6.808535 17.470976
v -30.782291 6.937924 16.969290
v -30.732792 6.808535 17.470976
v -30.732792 6.937924 16.969290
v -30.732792 6.915264 16.920694
v -30.732792 6.785874 17.422380
v -30.722187 6.924877 16.916212
v -30.392899 7.093924 17.278734
v -30.392899 7.138784 17.257814
v -30.722187 6.969737 16.895292
v -30.392899 7.161445 17.306412
v -30.722187 6.992398 16.943888
v -30.722187 6.947537 16.964808
v -30.392899 7.116584 17.327330
v -30.722187 6.924877 16.916212
v -30.392899 7.093924 17.278734
v -30.732792 6.853401 16.788029
v -30.732792 6.830739 16.739431
v -30.732792 6.363255 16.516069
v -30.732792 6.385916 16.564667
v -30.782291 6.385916 16.564667
v -30.782291 6.853401 16.788029
v -30.782291 6.830739 16.739431
v -30.782291 6.363255 16.516069
v -30.732792 6.830739 16.739431
v -30.732792 6.363255 16.516069
v -30.722187 6.885213 16.714029
v -30.722187 6.840352 16.734949
v -30.392899 6.671304 16.372425
v -30.392899 6.716165 16.351505
v -30.392899 6.738826 16.400103
v -30.722187 6.907874 16.762627
v -30.392899 6.693965 16.421022
v -30.722187 6.863013 16.783545
v -30.722187 6.840352 16.734949
v -30.392899 6.671304 16.372425
v -30.722187 6.776262 17.426863
v -30.392899 6.562354 17.085258
v -30.392899 6.607215 17.064339
v -30.722187 6.731401 17.447781
v -30.392899 6.585015 17.133854
v -30.722187 6.754062 17.496376
v -30.392899 6.629875 17.112936
v -30.722187 6.798923 17.475458
v -30.722187 6.776262 17.426863
v -30.392899 6.607215 17.064339
v -30.382292 6.554964 16.927191
v -30.382292 6.532303 16.878593
v -30.382292 6.661692 16.376907
v -30.382292 6.684353 16.425505
v -30.332794 6.554964 16.927191
v -30.332794 6.684353 16.425505
v -30.332794 6.532303 16.878593
v -30.332794 6.661692 16.376907
v -30.382292 6.532303 16.878593
v -30.382292 6.661692 16.376907
v -30.392899 6.477830 16.903996
v -30.392899 6.522690 16.883076
v -30.722187 6.353642 16.520554
v -30.722187 6.308782 16.541471
v -30.722187 6.331443 16.590069
v -30.392899 6.500491 16.952593
v -30.722187 6.376304 16.569149
v -30.392899 6.545352 16.931673
v -30.722187 6.353642 16.520554
v -30.392899 6.522690 16.883076
v -30.382292 6.577168 16.195646
v -30.382292 6.301393 16.383406
v -30.382292 6.278732 16.334810
v -30.382292 6.599829 16.244242
v -30.332794 6.599829 16.244242
v -30.332794 6.301393 16.383406
v -30.332794 6.577168 16.195646
v -30.332794 6.278732 16.334810
v -30.382292 6.577168 16.195646
v -30.382292 6.278732 16.334810
v -30.732792 6.577168 16.195646
v -30.782291 6.278732 16.334810
v -30.732792 6.278732 16.334810
v -30.782291 6.577168 16.195646
v -30.782291 6.599829 16.244242
v -30.782291 6.301393 16.383406
v -30.732792 6.301393 16.383406
v -30.732792 6.599829 16.244242
v -30.732792 6.577168 16.195646
v -30.732792 6.278732 16.334810
v -30.722187 6.224258 16.360210
v -30.392899 6.269119 16.339293
v -30.722187 6.269119 16.339293
v -30.392899 6.224258 16.360210
v -30.722187 6.246920 16.408806
v -30.392899 6.246920 16.408806
v -30.392899 6.291780 16.387888
v -30.722187 6.291780 16.387888
v -30.392899 6.269119 16.339293
v -30.722187 6.269119 16.339293
v -30.392899 6.609442 16.239759
v -30.392899 6.586782 16.191164
v -30.722187 6.586782 16.191164
v -30.722187 6.609442 16.239759
v -30.722187 6.654303 16.218842
v -30.392899 6.654303 16.218842
v -30.722187 6.631642 16.170246
v -30.392899 6.631642 16.170246
v -30.392899 6.586782 16.191164
v -30.722187 6.586782 16.191164
v -30.722187 6.183714 16.298361
v -30.792896 6.183714 16.298361
v -30.792896 6.247800 16.268476
v -30.722187 6.247800 16.268476
v -30.322187 6.183714 16.298361
v -30.392899 6.183714 16.298361
v -30.392899 6.247800 16.268476
v -30.322187 6.247800 16.268476
v -30.792896 6.546237 16.129313
v -30.792896 6.610324 16.099428
v -30.722187 6.610324 16.099430
v -30.722187 6.546237 16.129313
v -30.322187 6.546237 16.129313
v -30.392899 6.546237 16.129313
v -30.392899 6.610324 16.099428
v -30.322187 6.610324 16.099430
v -30.722187 6.610323 16.099430
v -30.722187 7.286513 17.549522
v -30.792896 7.286513 17.549522
v -30.792896 7.222427 17.579407
v -30.792896 6.546237 16.129313
v -30.792896 6.610323 16.099430
v -30.792896 6.923991 17.718571
v -30.792896 6.859905 17.748455
v -30.792896 6.183714 16.298361
v -30.792896 6.247800 16.268476
v -30.722187 6.859905 17.748455
v -30.722187 6.183714 16.298361
v -30.392899 7.286513 17.549522
v -30.392899 6.610323 16.099430
v -30.322187 6.610323 16.099430
v -30.322186 7.222427 17.579407
v -30.322186 7.286513 17.549522
v -30.322187 6.546237 16.129313
v -30.392899 6.859905 17.748455
v -30.392899 6.183714 16.298361
v -30.322187 6.247800 16.268476
v -30.322186 6.859905 17.748455
v -30.322186 6.923991 17.718571
v -30.322187 6.183714 16.298361
v -30.382292 7.168835 17.464478
v -30.382292 6.870399 17.603642
v -30.332794 6.893059 17.652237
v -30.332794 7.168835 17.464478
v -30.332794 6.870399 17.603642
v -30.332794 7.191495 17.513075
v -30.722187 6.860785 17.608124
v -30.392899 6.860785 17.608124
v -30.392899 6.838586 17.677639
v -30.392899 6.815925 17.629044
v -30.722187 6.815925 17.629044
v -30.722187 6.838586 17.677639
v -30.732792 6.870399 17.603642
v -30.732792 7.168835 17.464478
v -30.782291 6.870399 17.603642
v -30.782291 7.168835 17.464478
v -30.782291 7.191495 17.513075
v -30.782291 6.893059 17.652237
v -30.332794 7.084311 17.283216
v -30.332794 6.616827 17.059856
v -30.332794 7.106972 17.331812
v -30.332794 6.639488 17.108454
v -30.382292 7.106972 17.331812
v -30.382292 6.639488 17.108454
v -30.392899 7.245969 17.487673
v -30.722187 7.245969 17.487673
v -30.392899 7.178448 17.459995
v -30.392899 7.223308 17.439077
v -30.722187 7.223308 17.439077
v -30.722187 7.178448 17.459995
v -30.732792 6.937924 16.969290
v -30.732792 6.808535 17.470976
v -30.782291 6.915264 16.920694
v -30.782291 6.937924 16.969290
v -30.782291 6.808535 17.470976
v -30.782291 6.785874 17.422380
v -30.722187 6.969737 16.895292
v -30.392899 7.138784 17.257814
v -30.722187 6.947537 16.964808
v -30.722187 6.992398 16.943888
v -30.392899 7.161445 17.306412
v -30.392899 7.116584 17.327330
v -30.732792 6.853401 16.788029
v -30.732792 6.385916 16.564667
v -30.782291 6.830739 16.739431
v -30.782291 6.853401 16.788029
v -30.782291 6.385916 16.564667
v -30.782291 6.363255 16.516069
v -30.722187 6.885213 16.714029
v -30.392899 6.716165 16.351505
v -30.392899 6.693965 16.421022
v -30.722187 6.907874 16.762627
v -30.392899 6.738826 16.400103
v -30.722187 6.863013 16.783545
v -30.722187 6.798923 17.475458
v -30.392899 6.629875 17.112936
v -30.722187 6.731401 17.447781
v -30.722187 6.754062 17.496376
v -30.392899 6.585015 17.133854
v -30.392899 6.562354 17.085258
v -30.382292 6.684353 16.425505
v -30.382292 6.554964 16.927191
v -30.332794 6.532303 16.878593
v -30.332794 6.554964 16.927191
v -30.332794 6.684353 16.425505
v -30.332794 6.661692 16.376907
v -30.392899 6.477830 16.903996
v -30.722187 6.308782 16.541471
v -30.722187 6.376304 16.569149
v -30.392899 6.500491 16.952593
v -30.722187 6.331443 16.590069
v -30.392899 6.545352 16.931673
v -30.332794 6.577168 16.195646
v -30.332794 6.278732 16.334810
v -30.382292 6.301393 16.383406
v -30.332794 6.599829 16.244242
v -30.332794 6.301393 16.383406
v -30.382292 6.599829 16.244242
v -30.732792 6.599829 16.244242
v -30.732792 6.301393 16.383406
v -30.782291 6.278732 16.334810
v -30.782291 6.599829 16.244242
v -30.782291 6.301393 16.383406
v -30.782291 6.577168 16.195646
v -30.392899 6.291780 16.387888
v -30.722187 6.291780 16.387888
v -30.722187 6.246920 16.408806
v -30.392899 6.246920 16.408806
v -30.392899 6.224258 16.360210
v -30.722187 6.224258 16.360210
v -30.392899 6.609442 16.239759
v -30.722187 6.609442 16.239759
v -30.722187 6.631642 16.170246
v -30.392899 6.654303 16.218842
v -30.722187 6.654303 16.218842
v -30.392899 6.631642 16.170246
v -27.192898 7.222427 17.579407
v -27.122185 7.222427 17.579407
v -27.122185 6.546237 16.129313
v -27.192898 6.546237 16.129313
v -27.192898 7.286513 17.549522
v -27.192898 6.610323 16.099430
v -27.122185 7.286513 17.549522
v -27.122185 6.610323 16.099430
v -27.122185 7.222427 17.579407
v -27.122185 6.546237 16.129313
v -27.122185 6.923991 17.718571
v -27.192898 6.247800 16.268476
v -27.122185 6.247800 16.268476
v -27.192898 6.923991 17.718571
v -27.192898 6.183714 16.298361
v -27.192898 6.859905 17.748455
v -27.122185 6.183714 16.298361
v -27.122185 6.859905 17.748455
v -27.122185 6.247800 16.268476
v -27.122185 6.923991 17.718571
v -26.792896 7.286513 17.549522
v -26.792896 7.222427 17.579407
v -26.792898 6.546237 16.129313
v -26.792898 6.610323 16.099430
v -26.722187 7.286513 17.549522
v -26.722187 6.610323 16.099430
v -26.722187 7.222427 17.579407
v -26.722187 6.546237 16.129313
v -26.792896 7.222427 17.579407
v -26.792898 6.546237 16.129313
v -27.122185 6.859905 17.748455
v -27.192898 6.859905 17.748455
v -27.192898 6.923991 17.718571
v -27.122185 6.923991 17.718571
v -26.722187 6.859905 17.748455
v -26.792896 6.859905 17.748455
v -26.792896 6.923991 17.718571
v -26.722187 6.923991 17.718571
v -27.192898 7.222427 17.579407
v -27.192898 7.286513 17.549522
v -27.122185 7.286513 17.549522
v -27.122185 7.222427 17.579407
v -26.722187 7.222427 17.579407
v -26.792896 7.222427 17.579407
v -26.792896 7.286513 17.549522
v -26.722187 7.286513 17.549522
v -26.722187 6.923991 17.718571
v -26.792896 6.923991 17.718571
v -26.792898 6.247800 16.268476
v -26.722187 6.247800 16.268476
v -26.722187 6.859905 17.748455
v -26.722187 6.183714 16.298361
v -26.792896 6.859905 17.748455
v -26.792898 6.183714 16.298361
v -26.792896 6.923991 17.718571
v -26.792898 6.247800 16.268476
v -26.782291 7.168835 17.464478
v -26.782291 7.191495 17.513075
v -26.782291 6.893059 17.652237
v -26.782291 6.870399 17.603642
v -26.732792 6.870399 17.603642
v -26.732792 7.168835 17.464478
v -26.732792 6.893059 17.652237
v -26.732792 7.191495 17.513075
v -26.782291 6.893059 17.652237
v -26.782291 7.191495 17.513075
v -26.792896 6.860785 17.608124
v -26.792896 6.883446 17.656719
v -27.122185 6.883446 17.656719
v -27.122185 6.860785 17.608124
v -26.792896 6.815925 17.629044
v -27.122185 6.815925 17.629044
v -26.792896 6.838586 17.677639
v -27.122185 6.838586 17.677639
v -26.792896 6.883446 17.656719
v -27.122185 6.883446 17.656719
v -27.132793 6.893059 17.652237
v -27.132793 7.191495 17.513075
v -27.132793 7.168835 17.464478
v -27.132793 6.870399 17.603642
v -27.182289 7.168835 17.464478
v -27.182289 6.870399 17.603642
v -27.182289 7.191495 17.513075
v -27.182289 6.893059 17.652237
v -27.132793 7.191495 17.513075
v -27.132793 6.893059 17.652237
v -26.782291 7.106972 17.331812
v -26.782291 6.616827 17.059856
v -26.782291 7.084311 17.283216
v -26.782291 6.639488 17.108454
v -26.732792 6.639488 17.108454
v -26.732792 7.106972 17.331812
v -26.732792 6.616827 17.059856
v -26.732792 7.084311 17.283216
v -26.782291 6.616827 17.059856
v -26.782291 7.084311 17.283216
v -26.792896 7.201108 17.508591
v -27.122185 7.178448 17.459995
v -27.122185 7.201108 17.508591
v -26.792896 7.178448 17.459995
v -27.122185 7.223308 17.439077
v -26.792896 7.223308 17.439077
v -26.792896 7.245969 17.487673
v -27.122185 7.245969 17.487673
v -26.792896 7.201108 17.508591
v -27.122185 7.201108 17.508591
v -27.132793 6.915264 16.920694
v -27.182289 6.785874 17.422380
v -27.132793 6.785874 17.422380
v -27.182289 6.915264 16.920694
v -27.182289 6.808535 17.470976
v -27.182289 6.937924 16.969290
v -27.132793 6.808535 17.470976
v -27.132793 6.937924 16.969290
v -27.132793 6.915264 16.920694
v -27.132793 6.785874 17.422380
v -27.122185 6.924877 16.916212
v -26.792896 7.093924 17.278734
v -26.792896 7.138784 17.257814
v -27.122185 6.969737 16.895292
v -26.792896 7.161445 17.306412
v -27.122185 6.992398 16.943888
v -27.122185 6.947537 16.964808
v -26.792896 7.116584 17.327330
v -27.122185 6.924877 16.916212
v -26.792896 7.093924 17.278734
v -27.132793 6.853401 16.788029
v -27.132793 6.830739 16.739431
v -27.132793 6.363255 16.516069
v -27.132793 6.385916 16.564667
v -27.182289 6.385916 16.564667
v -27.182289 6.853401 16.788029
v -27.182289 6.830739 16.739431
v -27.182289 6.363255 16.516069
v -27.132793 6.830739 16.739431
v -27.132793 6.363255 16.516069
v -27.122185 6.885213 16.714029
v -27.122185 6.840352 16.734949
v -26.792898 6.671304 16.372425
v -26.792898 6.716165 16.351505
v -26.792898 6.738826 16.400103
v -27.122185 6.907874 16.762627
v -26.792898 6.693965 16.421022
v -27.122185 6.863013 16.783545
v -27.122185 6.840352 16.734949
v -26.792898 6.671304 16.372425
v -27.122185 6.776262 17.426863
v -26.792896 6.562354 17.085258
v -26.792896 6.607215 17.064339
v -27.122185 6.731401 17.447781
v -26.792896 6.585015 17.133854
v -27.122185 6.754062 17.496376
v -26.792896 6.629875 17.112936
v -27.122185 6.798923 17.475458
v -27.122185 6.776262 17.426863
v -26.792896 6.607215 17.064339
v -26.782291 6.554964 16.927191
v -26.782291 6.532303 16.878593
v -26.782291 6.661692 16.376907
v -26.782291 6.684353 16.425505
v -26.732792 6.554964 16.927191
v -26.732792 6.684353 16.425505
v -26.732792 6.532303 16.878593
v -26.732792 6.661692 16.376907
v -26.782291 6.532303 16.878593
v -26.782291 6.661692 16.376907
v -26.792896 6.477830 16.903996
v -26.792896 6.522690 16.883076
v -27.122185 6.353642 16.520554
v -27.122185 6.308782 16.541471
v -27.122185 6.331443 16.590069
v -26.792896 6.500491 16.952593
v -27.122185 6.376304 16.569149
v -26.792896 6.545352 16.931673
v -27.122185 6.353642 16.520554
v -26.792896 6.522690 16.883076
v -26.782291 6.577168 16.195646
v -26.782291 6.301393 16.383406
v -26.782291 6.278732 16.334810
v -26.782291 6.599829 16.244242
v -26.732792 6.599829 16.244242
v -26.732792 6.301393 16.383406
v -26.732792 6.577168 16.195646
v -26.732792 6.278732 16.334810
v -26.782291 6.577168 16.195646
v -26.782291 6.278732 16.334810
v -27.132793 6.577168 16.195646
v -27.182289 6.278732 16.334810
v -27.132793 6.278732 16.334810
v -27.182289 6.577168 16.195646
v -27.182289 6.599829 16.244242
v -27.182289 6.301393 16.383406
v -27.132793 6.301393 16.383406
v -27.132793 6.599829 16.244242
v -27.132793 6.577168 16.195646
v -27.132793 6.278732 16.334810
v -27.122185 6.224258 16.360210
v -26.792898 6.269119 16.339293
v -27.122185 6.269119 16.339293
v -26.792898 6.224258 16.360210
v -27.122185 6.246920 16.408806
v -26.792898 6.246920 16.408806
v -26.792898 6.291780 16.387888
v -27.122185 6.291780 16.387888
v -26.792898 6.269119 16.339293
v -27.122185 6.269119 16.339293
v -26.792898 6.609442 16.239759
v -26.792898 6.586782 16.191164
v -27.122185 6.586782 16.191164
v -27.122185 6.609442 16.239759
v -27.122185 6.654303 16.218842
v -26.792898 6.654303 16.218842
v -27.122185 6.631642 16.170246
v -26.792898 6.631642 16.170246
v -26.792898 6.586782 16.191164
v -27.122185 6.586782 16.191164
v -27.122185 6.183714 16.298361
v -27.192898 6.183714 16.298361
v -27.192898 6.247800 16.268476
v -27.122185 6.247800 16.268476
v -26.722187 6.183714 16.298361
v -26.792898 6.183714 16.298361
v -26.792898 6.247800 16.268476
v -26.722187 6.247800 16.268476
v -27.192898 6.546237 16.129313
v -27.192898 6.610324 16.099428
v -27.122185 6.610324 16.099430
v -27.122185 6.546237 16.129313
v -26.722187 6.546237 16.129313
v -26.792898 6.546237 16.129313
v -26.792898 6.610324 16.099428
v -26.722187 6.610324 16.099430
v -27.122185 6.610323 16.099430
v -27.122185 7.286513 17.549522
v -27.192898 7.286513 17.549522
v -27.192898 7.222427 17.579407
v -27.192898 6.546237 16.129313
v -27.192898 6.610323 16.099430
v -27.192898 6.923991 17.718571
v -27.192898 6.859905 17.748455
v -27.192898 6.183714 16.298361
v -27.192898 6.247800 16.268476
v -27.122185 6.859905 17.748455
v -27.122185 6.183714 16.298361
v -26.792896 7.286513 17.549522
v -26.792898 6.610323 16.099430
v -26.722187 6.610323 16.099430
v -26.722187 7.222427 17.579407
v -26.722187 7.286513 17.549522
v -26.722187 6.546237 16.129313
v -26.792896 6.859905 17.748455
v -26.792898 6.183714 16.298361
v -26.722187 6.247800 16.268476
v -26.722187 6.859905 17.748455
v -26.722187 6.923991 17.718571
v -26.722187 6.183714 16.298361
v -26.782291 7.168835 17.464478
v -26.782291 6.870399 17.603642
v -26.732792 6.893059 17.652237
v -26.732792 7.168835 17.464478
v -26.732792 6.870399 17.603642
v -26.732792 7.191495 17.513075
v -27.122185 6.860785 17.608124
v -26.792896 6.860785 17.608124
v -26.792896 6.838586 17.677639
v -26.792896 6.815925 17.629044
v -27.122185 6.815925 17.629044
v -27.122185 6.838586 17.677639
v -27.132793 6.870399 17.603642
v -27.132793 7.168835 17.464478
v -27.182289 6.870399 17.603642
v -27.182289 7.168835 17.464478
v -27.182289 7.191495 17.513075
v -27.182289 6.893059 17.652237
v -26.732792 7.084311 17.283216
v -26.732792 6.616827 17.059856
v -26.732792 7.106972 17.331812
v -26.732792 6.639488 17.108454
v -26.782291 7.106972 17.331812
v -26.782291 6.639488 17.108454
v -26.792896 7.245969 17.487673
v -27.122185 7.245969 17.487673
v -26.792896 7.178448 17.459995
v -26.792896 7.223308 17.439077
v -27.122185 7.223308 17.439077
v -27.122185 7.178448 17.459995
v -27.132793 6.937924 16.969290
v -27.132793 6.808535 17.470976
v -27.182289 6.915264 16.920694
v -27.182289 6.937924 16.969290
v -27.182289 6.808535 17.470976
v -27.182289 6.785874 17.422380
v -27.122185 6.969737 16.895292
v -26.792896 7.138784 17.257814
v -27.122185 6.947537 16.964808
v -27.122185 6.992398 16.943888
v -26.792896 7.161445 17.306412
v -26.792896 7.116584 17.327330
v -27.132793 6.853401 16.788029
v -27.132793 6.385916 16.564667
v -27.182289 6.830739 16.739431
v -27.182289 6.853401 16.788029
v -27.182289 6.385916 16.564667
v -27.182289 6.363255 16.516069
v -27.122185 6.885213 16.714029
v -26.792898 6.716165 16.351505
v -26.792898 6.693965 16.421022
v -27.122185 6.907874 16.762627
v -26.792898 6.738826 16.400103
v -27.122185 6.863013 16.783545
v -27.122185 6.798923 17.475458
v -26.792896 6.629875 17.112936
v -27.122185 6.731401 17.447781
v -27.122185 6.754062 17.496376
v -26.792896 6.585015 17.133854
v -26.792896 6.562354 17.085258
v -26.782291 6.684353 16.425505
v -26.782291 6.554964 16.927191
v -26.732792 6.532303 16.878593
v -26.732792 6.554964 16.927191
v -26.732792 6.684353 16.425505
v -26.732792 6.661692 16.376907
v -26.792896 6.477830 16.903996
v -27.122185 6.308782 16.541471
v -27.122185 6.376304 16.569149
v -26.792896 6.500491 16.952593
v -27.122185 6.331443 16.590069
v -26.792896 6.545352 16.931673
v -26.732792 6.577168 16.195646
v -26.732792 6.278732 16.334810
v -26.782291 6.301393 16.383406
v -26.732792 6.599829 16.244242
v -26.732792 6.301393 16.383406
v -26.782291 6.599829 16.244242
v -27.132793 6.599829 16.244242
v -27.132793 6.301393 16.383406
v -27.182289 6.278732 16.334810
v -27.182289 6.599829 16.244242
v -27.182289 6.301393 16.383406
v -27.182289 6.577168 16.195646
v -26.792898 6.291780 16.387888
v -27.122185 6.291780 16.387888
v -27.122185 6.246920 16.408806
v -26.792898 6.246920 16.408806
v -26.792898 6.224258 16.360210
v -27.122185 6.224258 16.360210
v -26.792898 6.609442 16.239759
v -27.122185 6.609442 16.239759
v -27.122185 6.631642 16.170246
v -26.792898 6.654303 16.218842
v -27.122185 6.654303 16.218842
v -26.792898 6.631642 16.170246
v -23.592897 7.222427 17.579407
v -23.522186 7.222427 17.579407
v -23.522186 6.546237 16.129313
v -23.592897 6.546237 16.129313
v -23.592897 7.286513 17.549522
v -23.592897 6.610323 16.099430
v -23.522186 7.286513 17.549522
v -23.522186 6.610323 16.099430
v -23.522186 7.222427 17.579407
v -23.522186 6.546237 16.129313
v -23.522186 6.923991 17.718571
v -23.592897 6.247800 16.268476
v -23.522186 6.247800 16.268476
v -23.592897 6.923991 17.718571
v -23.592897 6.183714 16.298361
v -23.592897 6.859905 17.748455
v -23.522186 6.183714 16.298361
v -23.522186 6.859905 17.748455
v -23.522186 6.247800 16.268476
v -23.522186 6.923991 17.718571
v -23.192898 7.286513 17.549522
v -23.192898 7.222427 17.579407
v -23.192898 6.546237 16.129313
v -23.192898 6.610323 16.099430
v -23.122187 7.286513 17.549522
v -23.122187 6.610323 16.099430
v -23.122187 7.222427 17.579407
v -23.122187 6.546237 16.129313
v -23.192898 7.222427 17.579407
v -23.192898 6.546237 16.129313
v -23.522186 6.859905 17.748455
v -23.592897 6.859905 17.748455
v -23.592897 6.923991 17.718571
v -23.522186 6.923991 17.718571
v -23.122187 6.859905 17.748455
v -23.192898 6.859905 17.748455
v -23.192898 6.923991 17.718571
v -23.122187 6.923991 17.718571
v -23.592897 7.222427 17.579407
v -23.592897 7.286513 17.549522
v -23.522186 7.286513 17.549522
v -23.522186 7.222427 17.579407
v -23.122187 7.222427 17.579407
v -23.192898 7.222427 17.579407
v -23.192898 7.286513 17.549522
v -23.122187 7.286513 17.549522
v -23.122187 6.923991 17.718571
v -23.192898 6.923991 17.718571
v -23.192898 6.247800 16.268476
v -23.122187 6.247800 16.268476
v -23.122187 6.859905 17.748455
v -23.122187 6.183714 16.298361
v -23.192898 6.859905 17.748455
v -23.192898 6.183714 16.298361
v -23.192898 6.923991 17.718571
v -23.192898 6.247800 16.268476
v -23.182293 7.168835 17.464478
v -23.182293 7.191495 17.513075
v -23.182293 6.893059 17.652237
v -23.182293 6.870399 17.603642
v -23.132793 6.870399 17.603642
v -23.132793 7.168835 17.464478
v -23.132793 6.893059 17.652237
v -23.132793 7.191495 17.513075
v -23.182293 6.893059 17.652237
v -23.182293 7.191495 17.513075
v -23.192898 6.860785 17.608124
v -23.192898 6.883446 17.656719
v -23.522186 6.883446 17.656719
v -23.522186 6.860785 17.608124
v -23.192898 6.815925 17.629044
v -23.522186 6.815925 17.629044
v -23.192898 6.838586 17.677639
v -23.522186 6.838586 17.677639
v -23.192898 6.883446 17.656719
v -23.522186 6.883446 17.656719
v -23.532793 6.893059 17.652237
v -23.532793 7.191495 17.513075
v -23.532793 7.168835 17.464478
v -23.532793 6.870399 17.603642
v -23.582291 7.168835 17.464478
v -23.582291 6.870399 17.603642
v -23.582291 7.191495 17.513075
v -23.582291 6.893059 17.652237
v -23.532793 7.191495 17.513075
v -23.532793 6.893059 17.652237
v -23.182293 7.106972 17.331812
v -23.182293 6.616827 17.059856
v -23.182293 7.084311 17.283216
v -23.182293 6.639488 17.108454
v -23.132793 6.639488 17.108454
v -23.132793 7.106972 17.331812
v -23.132793 6.616827 17.059856
v -23.132793 7.084311 17.283216
v -23.182293 6.616827 17.059856
v -23.182293 7.084311 17.283216
v -23.192898 7.201108 17.508591
v -23.522186 7.178448 17.459995
v -23.522186 7.201108 17.508591
v -23.192898 7.178448 17.459995
v -23.522186 7.223308 17.439077
v -23.192898 7.223308 17.439077
v -23.192898 7.245969 17.487673
v -23.522186 7.245969 17.487673
v -23.192898 7.201108 17.508591
v -23.522186 7.201108 17.508591
v -23.532793 6.915264 16.920694
v -23.582291 6.785874 17.422380
v -23.532793 6.785874 17.422380
v -23.582291 6.915264 16.920694
v -23.582291 6.808535 17.470976
v -23.582291 6.937924 16.969290
v -23.532793 6.808535 17.470976
v -23.532793 6.937924 16.969290
v -23.532793 6.915264 16.920694
v -23.532793 6.785874 17.422380
v -23.522186 6.924877 16.916212
v -23.192898 7.093924 17.278734
v -23.192898 7.138784 17.257814
v -23.522186 6.969737 16.895292
v -23.192898 7.161445 17.306412
v -23.522186 6.992398 16.943888
v -23.522186 6.947537 16.964808
v -23.192898 7.116584 17.327330
v -23.522186 6.924877 16.916212
v -23.192898 7.093924 17.278734
v -23.532793 6.853401 16.788029
v -23.532793 6.830739 16.739431
v -23.532793 6.363255 16.516069
v -23.532793 6.385916 16.564667
v -23.582291 6.385916 16.564667
v -23.582291 6.853401 16.788029
v -23.582291 6.830739 16.739431
v -23.582291 6.363255 16.516069
v -23.532793 6.830739 16.739431
v -23.532793 6.363255 16.516069
v -23.522186 6.885213 16.714029
v -23.522186 6.840352 16.734949
v -23.192898 6.671304 16.372425
v -23.192898 6.716165 16.351505
v -23.192898 6.738826 16.400103
v -23.522186 6.907874 16.762627
v -23.192898 6.693965 16.421022
v -23.522186 6.863013 16.783545
v -23.522186 6.840352 16.734949
v -23.192898 6.671304 16.372425
v -23.522186 6.776262 17.426863
v -23.192898 6.562354 17.085258
v -23.192898 6.607215 17.064339
v -23.522186 6.731401 17.447781
v -23.192898 6.585015 17.133854
v -23.522186 6.754062 17.496376
v -23.192898 6.629875 17.112936
v -23.522186 6.798923 17.475458
v -23.522186 6.776262 17.426863
v -23.192898 6.607215 17.064339
v -23.182293 6.554964 16.927191
v -23.182293 6.532303 16.878593
v -23.182293 6.661692 16.376907
v -23.182293 6.684353 16.425505
v -23.132793 6.554964 16.927191
v -23.132793 6.684353 16.425505
v -23.132793 6.532303 16.878593
v -23.132793 6.661692 16.376907
v -23.182293 6.532303 16.878593
v -23.182293 6.661692 16.376907
v -23.192898 6.477830 16.903996
v -23.192898 6.522690 16.883076
v -23.522186 6.353642 16.520554
v -23.522186 6.308782 16.541471
v -23.522186 6.331443 16.590069
v -23.192898 6.500491 16.952593
v -23.522186 6.376304 16.569149
v -23.192898 6.545352 16.931673
v -23.522186 6.353642 16.520554
v -23.192898 6.522690 16.883076
v -23.182293 6.577168 16.195646
v -23.182293 6.301393 16.383406
v -23.182293 6.278732 16.334810
v -23.182293 6.599829 16.244242
v -23.132793 6.599829 16.244242
v -23.132793 6.301393 16.383406
v -23.132793 6.577168 16.195646
v -23.132793 6.278732 16.334810
v -23.182293 6.577168 16.195646
v -23.182293 6.278732 16.334810
v -23.532793 6.577168 16.195646
v -23.582291 6.278732 16.334810
v -23.532793 6.278732 16.334810
v -23.582291 6.577168 16.195646
v -23.582291 6.599829 16.244242
v -23.582291 6.301393 16.383406
v -23.532793 6.301393 16.383406
v -23.532793 6.599829 16.244242
v -23.532793 6.577168 16.195646
v -23.532793 6.278732 16.334810
v -23.522186 6.224258 16.360210
v -23.192898 6.269119 16.339293
v -23.522186 6.269119 16.339293
v -23.192898 6.224258 16.360210
v -23.522186 6.246920 16.408806
v -23.192898 6.246920 16.408806
v -23.192898 6.291780 16.387888
v -23.522186 6.291780 16.387888
v -23.192898 6.269119 16.339293
v -23.522186 6.269119 16.339293
v -23.192898 6.609442 16.239759
v -23.192898 6.586782 16.191164
v -23.522186 6.586782 16.191164
v -23.522186 6.609442 16.239759
v -23.522186 6.654303 16.218842
v -23.192898 6.654303 16.218842
v -23.522186 6.631642 16.170246
v -23.192898 6.631642 16.170246
v -23.192898 6.586782 16.191164
v -23.522186 6.586782 16.191164
v -23.522186 6.183714 16.298361
v -23.592897 6.183714 16.298361
v -23.592897 6.247800 16.268476
v -23.522186 6.247800 16.268476
v -23.122187 6.183714 16.298361
v -23.192898 6.183714 16.298361
v -23.192898 6.247800 16.268476
v -23.122187 6.247800 16.268476
v -23.592897 6.546237 16.129313
v -23.592897 6.610324 16.099428
v -23.522186 6.610324 16.099430
v -23.522186 6.546237 16.129313
v -23.122187 6.546237 16.129313
v -23.192898 6.546237 16.129313
v -23.192898 6.610324 16.099428
v -23.122187 6.610324 16.099430
v -23.522186 6.610323 16.099430
v -23.522186 7.286513 17.549522
v -23.592897 7.286513 17.549522
v -23.592897 7.222427 17.579407
v -23.592897 6.546237 16.129313
v -23.592897 6.610323 16.099430
v -23.592897 6.923991 17.718571
v -23.592897 6.859905 17.748455
v -23.592897 6.183714 16.298361
v -23.592897 6.247800 16.268476
v -23.522186 6.859905 17.748455
v -23.522186 6.183714 16.298361
v -23.192898 7.286513 17.549522
v -23.192898 6.610323 16.099430
v -23.122187 6.610323 16.099430
v -23.122187 7.222427 17.579407
v -23.122187 7.286513 17.549522
v -23.122187 6.546237 16.129313
v -23.192898 6.859905 17.748455
v -23.192898 6.183714 16.298361
v -23.122187 6.247800 16.268476
v -23.122187 6.859905 17.748455
v -23.122187 6.923991 17.718571
v -23.122187 6.183714 16.298361
v -23.182293 7.168835 17.464478
v -23.182293 6.870399 17.603642
v -23.132793 6.893059 17.652237
v -23.132793 7.168835 17.464478
v -23.132793 6.870399 17.603642
v -23.132793 7.191495 17.513075
v -23.522186 6.860785 17.608124
v -23.192898 6.860785 17.608124
v -23.192898 6.838586 17.677639
v -23.192898 6.815925 17.629044
v -23.522186 6.815925 17.629044
v -23.522186 6.838586 17.677639
v -23.532793 6.870399 17.603642
v -23.532793 7.168835 17.464478
v -23.582291 6.870399 17.603642
v -23.582291 7.168835 17.464478
v -23.582291 7.191495 17.513075
v -23.582291 6.893059 17.652237
v -23.132793 7.084311 17.283216
v -23.132793 6.616827 17.059856
v -23.132793 7.106972 17.331812
v -23.132793 6.639488 17.108454
v -23.182293 7.106972 17.331812
v -23.182293 6.639488 17.108454
v -23.192898 7.245969 17.487673
v -23.522186 7.245969 17.487673
v -23.192898 7.178448 17.459995
v -23.192898 7.223308 17.439077
v -23.522186 7.223308 17.439077
v -23.522186 7.178448 17.459995
v -23.532793 6.937924 16.969290
v -23.532793 6.808535 17.470976
v -23.582291 6.915264 16.920694
v -23.582291 6.937924 16.969290
v -23.582291 6.808535 17.470976
v -23.582291 6.785874 17.422380
v -23.522186 6.969737 16.895292
v -23.192898 7.138784 17.257814
v -23.522186 6.947537 16.964808
v -23.522186 6.992398 16.943888
v -23.192898 7.161445 17.306412
v -23.192898 7.116584 17.327330
v -23.532793 6.853401 16.788029
v -23.532793 6.385916 16.564667
v -23.582291 6.830739 16.739431
v -23.582291 6.853401 16.788029
v -23.582291 6.385916 16.564667
v -23.582291 6.363255 16.516069
v -23.522186 6.885213 16.714029
v -23.192898 6.716165 16.351505
v -23.192898 6.693965 16.421022
v -23.522186 6.907874 16.762627
v -23.192898 6.738826 16.400103
v -23.522186 6.863013 16.783545
v -23.522186 6.798923 17.475458
v -23.192898 6.629875 17.112936
v -23.522186 6.731401 17.447781
v -23.522186 6.754062 17.496376
v -23.192898 6.585015 17.133854
v -23.192898 6.562354 17.085258
v -23.182293 6.684353 16.425505
v -23.182293 6.554964 16.927191
v -23.132793 6.532303 16.878593
v -23.132793 6.554964 16.927191
v -23.132793 6.684353 16.425505
v -23.132793 6.661692 16.376907
v -23.192898 6.477830 16.903996
v -23.522186 6.308782 16.541471
v -23.522186 6.376304 16.569149
v -23.192898 6.500491 16.952593
v -23.522186 6.331443 16.590069
v -23.192898 6.545352 16.931673
v -23.132793 6.577168 16.195646
v -23.132793 6.278732 16.334810
v -23.182293 6.301393 16.383406
v -23.132793 6.599829 16.244242
v -23.132793 6.301393 16.383406
v -23.182293 6.599829 16.244242
v -23.532793 6.599829 16.244242
v -23.532793 6.301393 16.383406
v -23.582291 6.278732 16.334810
v -23.582291 6.599829 16.244242
v -23.582291 6.301393 16.383406
v -23.582291 6.577168 16.195646
v -23.192898 6.291780 16.387888
v -23.522186 6.291780 16.387888
v -23.522186 6.246920 16.408806
v -23.192898 6.246920 16.408806
v -23.192898 6.224258 16.360210
v -23.522186 6.224258 16.360210
v -23.192898 6.609442 16.239759
v -23.522186 6.609442 16.239759
v -23.522186 6.631642 16.170246
v -23.192898 6.654303 16.218842
v -23.522186 6.654303 16.218842
v -23.192898 6.631642 16.170246
v -32.592896 6.684521 16.425867
v -32.522186 6.684521 16.425867
v -32.522186 6.008331 14.975773
v -32.592896 6.008331 14.975773
v -32.592896 6.748607 16.395985
v -32.592896 6.072417 14.945890
v -32.522186 6.748607 16.395985
v -32.522186 6.072417 14.945890
v -32.522186 6.684521 16.425867
v -32.522186 6.008331 14.975773
v -32.522186 6.386085 16.565031
v -32.592896 5.709894 15.114937
v -32.522186 5.709894 15.114937
v -32.592896 6.386085 16.565031
v -32.592896 5.645808 15.144821
v -32.592896 6.321999 16.594915
v -32.522186 5.645808 15.144821
v -32.522186 6.321999 16.594915
v -32.522186 5.709894 15.114937
v -32.522186 6.386085 16.565031
v -32.192898 6.748607 16.395985
v -32.192898 6.684521 16.425867
v -32.192898 6.008331 14.975773
v -32.192898 6.072417 14.945890
v -32.122185 6.748607 16.395985
v -32.122185 6.072417 14.945890
v -32.122185 6.684521 16.425867
v -32.122185 6.008331 14.975773
v -32.192898 6.684521 16.425867
v -32.192898 6.008331 14.975773
v -32.522186 6.321999 16.594915
v -32.592896 6.321999 16.594915
v -32.592896 6.386085 16.565031
v -32.522186 6.386085 16.565031
v -32.122185 6.321999 16.594915
v -32.192898 6.321999 16.594915
v -32.192898 6.386085 16.565031
v -32.122185 6.386085 16.565031
v -32.592896 6.684521 16.425867
v -32.592896 6.748607 16.395985
v -32.522186 6.748607 16.395985
v -32.522186 6.684521 16.425867
v -32.122185 6.684521 16.425867
v -32.192898 6.684521 16.425867
v -32.192898 6.748607 16.395985
v -32.122185 6.748607 16.395985
v -32.122185 6.386085 16.565031
v -32.192898 6.386085 16.565031
v -32.192898 5.709894 15.114937
v -32.122185 5.709894 15.114937
v -32.122185 6.321999 16.594915
v -32.122185 5.645808 15.144821
v -32.192898 6.321999 16.594915
v -32.192898 5.645808 15.144821
v -32.192898 6.386085 16.565031
v -32.192898 5.709894 15.114937
v -32.182289 6.630929 16.310940
v -32.182289 6.653589 16.359535
v -32.182289 6.355153 16.498697
v -32.182289 6.332492 16.450102
v -32.132793 6.332492 16.450102
v -32.132793 6.630929 16.310940
v -32.132793 6.355153 16.498697
v -32.132793 6.653589 16.359535
v -32.182289 6.355153 16.498697
v -32.182289 6.653589 16.359535
v -32.192898 6.322880 16.454584
v -32.192898 6.345540 16.503180
v -32.522186 6.345540 16.503180
v -32.522186 6.322880 16.454584
v -32.192898 6.278019 16.475504
v -32.522186 6.278019 16.475504
v -32.192898 6.300680 16.524099
v -32.522186 6.300680 16.524099
v -32.192898 6.345540 16.503180
v -32.522186 6.345540 16.503180
v -32.532791 6.355153 16.498697
v -32.532791 6.653589 16.359535
v -32.532791 6.630929 16.310940
v -32.532791 6.332492 16.450102
v -32.582291 6.630929 16.310940
v -32.582291 6.332492 16.450102
v -32.582291 6.653589 16.359535
v -32.582291 6.355153 16.498697
v -32.532791 6.653589 16.359535
v -32.532791 6.355153 16.498697
v -32.182289 6.569066 16.178272
v -32.182289 6.078921 15.906319
v -32.182289 6.546405 16.129677
v -32.182289 6.101582 15.954914
v -32.132793 6.101582 15.954914
v -32.132793 6.569066 16.178272
v -32.132793 6.078921 15.906319
v -32.132793 6.546405 16.129677
v -32.182289 6.078921 15.906319
v -32.182289 6.546405 16.129677
v -32.192898 6.663202 16.355053
v -32.522186 6.640542 16.306458
v -32.522186 6.663202 16.355053
v -32.192898 6.640542 16.306458
v -32.522186 6.685402 16.285538
v -32.192898 6.685402 16.285538
v -32.192898 6.708063 16.334133
v -32.522186 6.708063 16.334133
v -32.192898 6.663202 16.355053
v -32.522186 6.663202 16.355053
v -32.532791 6.377358 15.767155
v -32.582291 6.247969 16.268841
v -32.532791 6.247969 16.268841
v -32.582291 6.377358 15.767155
v -32.582291 6.270629 16.317436
v -32.582291 6.400019 15.815750
v -32.532791 6.270629 16.317436
v -32.532791 6.400019 15.815750
v -32.532791 6.377358 15.767155
v -32.532791 6.247969 16.268841
v -32.522186 6.386971 15.762672
v -32.192898 6.556018 16.125195
v -32.192898 6.600878 16.104275
v -32.522186 6.431831 15.741753
v -32.192898 6.623539 16.152872
v -32.522186 6.454492 15.790348
v -32.522186 6.409631 15.811268
v -32.192898 6.578679 16.173790
v -32.522186 6.386971 15.762672
v -32.192898 6.556018 16.125195
v -32.532791 6.315495 15.634489
v -32.532791 6.292833 15.585892
v -32.532791 5.825349 15.362532
v -32.532791 5.848011 15.411129
v -32.582291 5.848011 15.411129
v -32.582291 6.315495 15.634489
v -32.582291 6.292833 15.585892
v -32.582291 5.825349 15.362532
v -32.532791 6.292833 15.585892
v -32.532791 5.825349 15.362532
v -32.522186 6.347307 15.560490
v -32.522186 6.302446 15.581409
v -32.192898 6.133399 15.218885
v -32.192898 6.178259 15.197966
v -32.192898 6.200920 15.246563
v -32.522186 6.369968 15.609087
v -32.192898 6.156060 15.267483
v -32.522186 6.325108 15.630007
v -32.522186 6.302446 15.581409
v -32.192898 6.133399 15.218885
v -32.522186 6.238356 16.273323
v -32.192898 6.024448 15.931719
v -32.192898 6.069309 15.910801
v -32.522186 6.193495 16.294241
v -32.192898 6.047109 15.980314
v -32.522186 6.216156 16.342838
v -32.192898 6.091969 15.959396
v -32.522186 6.261016 16.321918
v -32.522186 6.238356 16.273323
v -32.192898 6.069309 15.910801
v -32.182289 6.017058 15.773651
v -32.182289 5.994397 15.725054
v -32.182289 6.123786 15.223368
v -32.182289 6.146447 15.271965
v -32.132793 6.017058 15.773651
v -32.132793 6.146447 15.271965
v -32.132793 5.994397 15.725054
v -32.132793 6.123786 15.223368
v -32.182289 5.994397 15.725054
v -32.182289 6.123786 15.223368
v -32.192898 5.939924 15.750456
v -32.192898 5.984784 15.729538
v -32.522186 5.815737 15.367012
v -32.522186 5.770876 15.387932
v -32.522186 5.793538 15.436529
v -32.192898 5.962585 15.799053
v -32.522186 5.838398 15.415611
v -32.192898 6.007445 15.778133
v -32.522186 5.815737 15.367012
v -32.192898 5.984784 15.729538
v -32.182289 6.039263 15.042107
v -32.182289 5.763487 15.229866
v -32.182289 5.740826 15.181271
v -32.182289 6.061923 15.090702
v -32.132793 6.061923 15.090702
v -32.132793 5.763487 15.229866
v -32.132793 6.039263 15.042107
v -32.132793 5.740826 15.181271
v -32.182289 6.039263 15.042107
v -32.182289 5.740826 15.181271
v -32.532791 6.039263 15.042107
v -32.582291 5.740826 15.181271
v -32.532791 5.740826 15.181271
v -32.582291 6.039263 15.042107
v -32.582291 6.061923 15.090702
v -32.582291 5.763487 15.229866
v -32.532791 5.763487 15.229866
v -32.532791 6.061923 15.090702
v -32.532791 6.039263 15.042107
v -32.532791 5.740826 15.181271
v -32.522186 5.686353 15.206671
v -32.192898 5.731214 15.185753
v -32.522186 5.731214 15.185753
v -32.192898 5.686353 15.206671
v -32.522186 5.709013 15.255268
v -32.192898 5.709013 15.255268
v -32.192898 5.753874 15.234348
v -32.522186 5.753874 15.234348
v -32.192898 5.731214 15.185753
v -32.522186 5.731214 15.185753
v -32.192898 6.071536 15.086220
v -32.192898 6.048875 15.037624
v -32.522186 6.048875 15.037624
v -32.522186 6.071536 15.086220
v -32.522186 6.116396 15.065300
v -32.192898 6.116396 15.065300
v -32.522186 6.093736 15.016705
v -32.192898 6.093736 15.016705
v -32.192898 6.048875 15.037624
v -32.522186 6.048875 15.037624
v -32.522186 5.645808 15.144821
v -32.592896 5.645808 15.144821
v -32.592896 5.709894 15.114937
v -32.522186 5.709894 15.114937
v -32.122185 5.645808 15.144821
v -32.192898 5.645808 15.144821
v -32.192898 5.709894 15.114937
v -32.122185 5.709894 15.114937
v -32.592896 6.008331 14.975773
v -32.592896 6.072418 14.945889
v -32.522186 6.072418 14.945889
v -32.522186 6.008331 14.975773
v -32.122185 6.008331 14.975773
v -32.192898 6.008331 14.975773
v -32.192898 6.072418 14.945889
v -32.122185 6.072418 14.945889
v -32.522186 6.072417 14.945890
v -32.522186 6.748607 16.395985
v -32.592896 6.748607 16.395985
v -32.592896 6.684521 16.425867
v -32.592896 6.008331 14.975773
v -32.592896 6.072417 14.945890
v -32.592896 6.386085 16.565031
v -32.592896 6.321999 16.594915
v -32.592896 5.645808 15.144821
v -32.592896 5.709894 15.114937
v -32.522186 6.321999 16.594915
v -32.522186 5.645808 15.144821
v -32.192898 6.748607 16.395985
v -32.192898 6.072417 14.945890
v -32.122185 6.072417 14.945890
v -32.122185 6.684521 16.425867
v -32.122185 6.748607 16.395985
v -32.122185 6.008331 14.975773
v -32.192898 6.321999 16.594915
v -32.192898 5.645808 15.144821
v -32.122185 5.709894 15.114937
v -32.122185 6.321999 16.594915
v -32.122185 6.386085 16.565031
v -32.122185 5.645808 15.144821
v -32.182289 6.630929 16.310940
v -32.182289 6.332492 16.450102
v -32.132793 6.355153 16.498697
v -32.132793 6.630929 16.310940
v -32.132793 6.332492 16.450102
v -32.132793 6.653589 16.359535
v -32.522186 6.322880 16.454584
v -32.192898 6.322880 16.454584
v -32.192898 6.300680 16.524099
v -32.192898 6.278019 16.475504
v -32.522186 6.278019 16.475504
v -32.522186 6.300680 16.524099
v -32.532791 6.332492 16.450102
v -32.532791 6.630929 16.310940
v -32.582291 6.332492 16.450102
v -32.582291 6.630929 16.310940
v -32.582291 6.653589 16.359535
v -32.582291 6.355153 16.498697
v -32.132793 6.546405 16.129677
v -32.132793 6.078921 15.906319
v -32.132793 6.569066 16.178272
v -32.132793 6.101582 15.954914
v -32.182289 6.569066 16.178272
v -32.182289 6.101582 15.954914
v -32.192898 6.708063 16.334133
v -32.522186 6.708063 16.334133
v -32.192898 6.640542 16.306458
v -32.192898 6.685402 16.285538
v -32.522186 6.685402 16.285538
v -32.522186 6.640542 16.306458
v -32.532791 6.400019 15.815750
v -32.532791 6.270629 16.317436
v -32.582291 6.377358 15.767155
v -32.582291 6.400019 15.815750
v -32.582291 6.270629 16.317436
v -32.582291 6.247969 16.268841
v -32.522186 6.431831 15.741753
v -32.192898 6.600878 16.104275
v -32.522186 6.409631 15.811268
v -32.522186 6.454492 15.790348
v -32.192898 6.623539 16.152872
v -32.192898 6.578679 16.173790
v -32.532791 6.315495 15.634489
v -32.532791 5.848011 15.411129
v -32.582291 6.292833 15.585892
v -32.582291 6.315495 15.634489
v -32.582291 5.848011 15.411129
v -32.582291 5.825349 15.362532
v -32.522186 6.347307 15.560490
v -32.192898 6.178259 15.197966
v -32.192898 6.156060 15.267483
v -32.522186 6.369968 15.609087
v -32.192898 6.200920 15.246563
v -32.522186 6.325108 15.630007
v -32.522186 6.261016 16.321918
v -32.192898 6.091969 15.959396
v -32.522186 6.193495 16.294241
v -32.522186 6.216156 16.342838
v -32.192898 6.047109 15.980314
v -32.192898 6.024448 15.931719
v -32.182289 6.146447 15.271965
v -32.182289 6.017058 15.773651
v -32.132793 5.994397 15.725054
v -32.132793 6.017058 15.773651
v -32.132793 6.146447 15.271965
v -32.132793 6.123786 15.223368
v -32.192898 5.939924 15.750456
v -32.522186 5.770876 15.387932
v -32.522186 5.838398 15.415611
v -32.192898 5.962585 15.799053
v -32.522186 5.793538 15.436529
v -32.192898 6.007445 15.778133
v -32.132793 6.039263 15.042107
v -32.132793 5.740826 15.181271
v -32.182289 5.763487 15.229866
v -32.132793 6.061923 15.090702
v -32.132793 5.763487 15.229866
v -32.182289 6.061923 15.090702
v -32.532791 6.061923 15.090702
v -32.532791 5.763487 15.229866
v -32.582291 5.740826 15.181271
v -32.582291 6.061923 15.090702
v -32.582291 5.763487 15.229866
v -32.582291 6.039263 15.042107
v -32.192898 5.753874 15.234348
v -32.522186 5.753874 15.234348
v -32.522186 5.709013 15.255268
v -32.192898 5.709013 15.255268
v -32.192898 5.686353 15.206671
v -32.522186 5.686353 15.206671
v -32.192898 6.071536 15.086220
v -32.522186 6.071536 15.086220
v -32.522186 6.093736 15.016705
v -32.192898 6.116396 15.065300
v -32.522186 6.116396 15.065300
v -32.192898 6.093736 15.016705
v -28.992897 6.684521 16.425867
v -28.922186 6.684521 16.425867
v -28.922186 6.008331 14.975773
v -28.992897 6.008331 14.975773
v -28.992897 6.748607 16.395985
v -28.992897 6.072417 14.945890
v -28.922186 6.748607 16.395985
v -28.922186 6.072417 14.945890
v -28.922186 6.684521 16.425867
v -28.922186 6.008331 14.975773
v -28.922186 6.386085 16.565031
v -28.992897 5.709894 15.114937
v -28.922186 5.709894 15.114937
v -28.992897 6.386085 16.565031
v -28.992897 5.645808 15.144821
v -28.992897 6.321999 16.594915
v -28.922186 5.645808 15.144821
v -28.922186 6.321999 16.594915
v -28.922186 5.709894 15.114937
v -28.922186 6.386085 16.565031
v -28.592897 6.748607 16.395985
v -28.592897 6.684521 16.425867
v -28.592897 6.008331 14.975773
v -28.592897 6.072417 14.945890
v -28.522186 6.748607 16.395985
v -28.522186 6.072417 14.945890
v -28.522186 6.684521 16.425867
v -28.522186 6.008331 14.975773
v -28.592897 6.684521 16.425867
v -28.592897 6.008331 14.975773
v -28.922186 6.321999 16.594915
v -28.992897 6.321999 16.594915
v -28.992897 6.386085 16.565031
v -28.922186 6.386085 16.565031
v -28.522186 6.321999 16.594915
v -28.592897 6.321999 16.594915
v -28.592897 6.386085 16.565031
v -28.522186 6.386085 16.565031
v -28.992897 6.684521 16.425867
v -28.992897 6.748607 16.395985
v -28.922186 6.748607 16.395985
v -28.922186 6.684521 16.425867
v -28.522186 6.684521 16.425867
v -28.592897 6.684521 16.425867
v -28.592897 6.748607 16.395985
v -28.522186 6.748607 16.395985
v -28.522186 6.386085 16.565031
v -28.592897 6.386085 16.565031
v -28.592897 5.709894 15.114937
v -28.522186 5.709894 15.114937
v -28.522186 6.321999 16.594915
v -28.522186 5.645808 15.144821
v -28.592897 6.321999 16.594915
v -28.592897 5.645808 15.144821
v -28.592897 6.386085 16.565031
v -28.592897 5.709894 15.114937
v -28.582291 6.630929 16.310940
v -28.582291 6.653589 16.359535
v -28.582291 6.355153 16.498697
v -28.582291 6.332492 16.450102
v -28.532793 6.332492 16.450102
v -28.532793 6.630929 16.310940
v -28.532793 6.355153 16.498697
v -28.532793 6.653589 16.359535
v -28.582291 6.355153 16.498697
v -28.582291 6.653589 16.359535
v -28.592897 6.322880 16.454584
v -28.592897 6.345540 16.503180
v -28.922186 6.345540 16.503180
v -28.922186 6.322880 16.454584
v -28.592897 6.278019 16.475504
v -28.922186 6.278019 16.475504
v -28.592897 6.300680 16.524099
v -28.922186 6.300680 16.524099
v -28.592897 6.345540 16.503180
v -28.922186 6.345540 16.503180
v -28.932793 6.355153 16.498697
v -28.932793 6.653589 16.359535
v -28.932793 6.630929 16.310940
v -28.932793 6.332492 16.450102
v -28.982290 6.630929 16.310940
v -28.982290 6.332492 16.450102
v -28.982290 6.653589 16.359535
v -28.982290 6.355153 16.498697
v -28.932793 6.653589 16.359535
v -28.932793 6.355153 16.498697
v -28.582291 6.569066 16.178272
v -28.582291 6.078921 15.906319
v -28.582291 6.546405 16.129677
v -28.582291 6.101582 15.954914
v -28.532793 6.101582 15.954914
v -28.532793 6.569066 16.178272
v -28.532793 6.078921 15.906319
v -28.532793 6.546405 16.129677
v -28.582291 6.078921 15.906319
v -28.582291 6.546405 16.129677
v -28.592897 6.663202 16.355053
v -28.922186 6.640542 16.306458
v -28.922186 6.663202 16.355053
v -28.592897 6.640542 16.306458
v -28.922186 6.685402 16.285538
v -28.592897 6.685402 16.285538
v -28.592897 6.708063 16.334133
v -28.922186 6.708063 16.334133
v -28.592897 6.663202 16.355053
v -28.922186 6.663202 16.355053
v -28.932793 6.377358 15.767155
v -28.982290 6.247969 16.268841
v -28.932793 6.247969 16.268841
v -28.982290 6.377358 15.767155
v -28.982290 6.270629 16.317436
v -28.982290 6.400019 15.815750
v -28.932793 6.270629 16.317436
v -28.932793 6.400019 15.815750
v -28.932793 6.377358 15.767155
v -28.932793 6.247969 16.268841
v -28.922186 6.386971 15.762672
v -28.592897 6.556018 16.125195
v -28.592897 6.600878 16.104275
v -28.922186 6.431831 15.741753
v -28.592897 6.623539 16.152872
v -28.922186 6.454492 15.790348
v -28.922186 6.409631 15.811268
v -28.592897 6.578679 16.173790
v -28.922186 6.386971 15.762672
v -28.592897 6.556018 16.125195
v -28.932793 6.315495 15.634489
v -28.932793 6.292833 15.585892
v -28.932793 5.825349 15.362532
v -28.932793 5.848011 15.411129
v -28.982290 5.848011 15.411129
v -28.982290 6.315495 15.634489
v -28.982290 6.292833 15.585892
v -28.982290 5.825349 15.362532
v -28.932793 6.292833 15.585892
v -28.932793 5.825349 15.362532
v -28.922186 6.347307 15.560490
v -28.922186 6.302446 15.581409
v -28.592897 6.133399 15.218885
v -28.592897 6.178259 15.197966
v -28.592897 6.200920 15.246563
v -28.922186 6.369968 15.609087
v -28.592897 6.156060 15.267483
v -28.922186 6.325108 15.630007
v -28.922186 6.302446 15.581409
v -28.592897 6.133399 15.218885
v -28.922186 6.238356 16.273323
v -28.592897 6.024448 15.931719
v -28.592897 6.069309 15.910801
v -28.922186 6.193495 16.294241
v -28.592897 6.047109 15.980314
v -28.922186 6.216156 16.342838
v -28.592897 6.091969 15.959396
v -28.922186 6.261016 16.321918
v -28.922186 6.238356 16.273323
v -28.592897 6.069309 15.910801
v -28.582291 6.017058 15.773651
v -28.582291 5.994397 15.725054
v -28.582291 6.123786 15.223368
v -28.582291 6.146447 15.271965
v -28.532793 6.017058 15.773651
v -28.532793 6.146447 15.271965
v -28.532793 5.994397 15.725054
v -28.532793 6.123786 15.223368
v -28.582291 5.994397 15.725054
v -28.582291 6.123786 15.223368
v -28.592897 5.939924 15.750456
v -28.592897 5.984784 15.729538
v -28.922186 5.815737 15.367012
v -28.922186 5.770876 15.387932
v -28.922186 5.793538 15.436529
v -28.592897 5.962585 15.799053
v -28.922186 5.838398 15.415611
v -28.592897 6.007445 15.778133
v -28.922186 5.815737 15.367012
v -28.592897 5.984784 15.729538
v -28.582291 6.039263 15.042107
v -28.582291 5.763487 15.229866
v -28.582291 5.740826 15.181271
v -28.582291 6.061923 15.090702
v -28.532793 6.061923 15.090702
v -28.532793 5.763487 15.229866
v -28.532793 6.039263 15.042107
v -28.532793 5.740826 15.181271
v -28.582291 6.039263 15.042107
v -28.582291 5.740826 15.181271
v -28.932793 6.039263 15.042107
v -28.982290 5.740826 15.181271
v -28.932793 5.740826 15.181271
v -28.982290 6.039263 15.042107
v -28.982290 6.061923 15.090702
v -28.982290 5.763487 15.229866
v -28.932793 5.763487 15.229866
v -28.932793 6.061923 15.090702
v -28.932793 6.039263 15.042107
v -28.932793 5.740826 15.181271
v -28.922186 5.686353 15.206671
v -28.592897 5.731214 15.185753
v -28.922186 5.731214 15.185753
v -28.592897 5.686353 15.206671
v -28.922186 5.709013 15.255268
v -28.592897 5.709013 15.255268
v -28.592897 5.753874 15.234348
v -28.922186 5.753874 15.234348
v -28.592897 5.731214 15.185753
v -28.922186 5.731214 15.185753
v -28.592897 6.071536 15.086220
v -28.592897 6.048875 15.037624
v -28.922186 6.048875 15.037624
v -28.922186 6.071536 15.086220
v -28.922186 6.116396 15.065300
v -28.592897 6.116396 15.065300
v -28.922186 6.093736 15.016705
v -28.592897 6.093736 15.016705
v -28.592897 6.048875 15.037624
v -28.922186 6.048875 15.037624
v -28.922186 5.645808 15.144821
v -28.992897 5.645808 15.144821
v -28.992897 5.709894 15.114937
v -28.922186 5.709894 15.114937
v -28.522186 5.645808 15.144821
v -28.592897 5.645808 15.144821
v -28.592897 5.709894 15.114937
v -28.522186 5.709894 15.114937
v -28.992897 6.008331 14.975773
v -28.992897 6.072418 14.945889
v -28.922186 6.072418 14.945889
v -28.922186 6.008331 14.975773
v -28.522186 6.008331 14.975773
v -28.592897 6.008331 14.975773
v -28.592897 6.072418 14.945889
v -28.522186 6.072418 14.945889
v -28.922186 6.072417 14.945890
v -28.922186 6.748607 16.395985
v -28.992897 6.748607 16.395985
v -28.992897 6.684521 16.425867
v -28.992897 6.008331 14.975773
v -28.992897 6.072417 14.945890
v -28.992897 6.386085 16.565031
v -28.992897 6.321999 16.594915
v -28.992897 5.645808 15.144821
v -28.992897 5.709894 15.114937
v -28.922186 6.321999 16.594915
v -28.922186 5.645808 15.144821
v -28.592897 6.748607 16.395985
v -28.592897 6.072417 14.945890
v -28.522186 6.072417 14.945890
v -28.522186 6.684521 16.425867
v -28.522186 6.748607 16.395985
v -28.522186 6.008331 14.975773
v -28.592897 6.321999 16.594915
v -28.592897 5.645808 15.144821
v -28.522186 5.709894 15.114937
v -28.522186 6.321999 16.594915
v -28.522186 6.386085 16.565031
v -28.522186 5.645808 15.144821
v -28.582291 6.630929 16.310940
v -28.582291 6.332492 16.450102
v -28.532793 6.355153 16.498697
v -28.532793 6.630929 16.310940
v -28.532793 6.332492 16.450102
v -28.532793 6.653589 16.359535
v -28.922186 6.322880 16.454584
v -28.592897 6.322880 16.454584
v -28.592897 6.300680 16.524099
v -28.592897 6.278019 16.475504
v -28.922186 6.278019 16.475504
v -28.922186 6.300680 16.524099
v -28.932793 6.332492 16.450102
v -28.932793 6.630929 16.310940
v -28.982290 6.332492 16.450102
v -28.982290 6.630929 16.310940
v -28.982290 6.653589 16.359535
v -28.982290 6.355153 16.498697
v -28.532793 6.546405 16.129677
v -28.532793 6.078921 15.906319
v -28.532793 6.569066 16.178272
v -28.532793 6.101582 15.954914
v -28.582291 6.569066 16.178272
v -28.582291 6.101582 15.954914
v -28.592897 6.708063 16.334133
v -28.922186 6.708063 16.334133
v -28.592897 6.640542 16.306458
v -28.592897 6.685402 16.285538
v -28.922186 6.685402 16.285538
v -28.922186 6.640542 16.306458
v -28.932793 6.400019 15.815750
v -28.932793 6.270629 16.317436
v -28.982290 6.377358 15.767155
v -28.982290 6.400019 15.815750
v -28.982290 6.270629 16.317436
v -28.982290 6.247969 16.268841
v -28.922186 6.431831 15.741753
v -28.592897 6.600878 16.104275
v -28.922186 6.409631 15.811268
v -28.922186 6.454492 15.790348
v -28.592897 6.623539 16.152872
v -28.592897 6.578679 16.173790
v -28.932793 6.315495 15.634489
v -28.932793 5.848011 15.411129
v -28.982290 6.292833 15.585892
v -28.982290 6.315495 15.634489
v -28.982290 5.848011 15.411129
v -28.982290 5.825349 15.362532
v -28.922186 6.347307 15.560490
v -28.592897 6.178259 15.197966
v -28.592897 6.156060 15.267483
v -28.922186 6.369968 15.609087
v -28.592897 6.200920 15.246563
v -28.922186 6.325108 15.630007
v -28.922186 6.261016 16.321918
v -28.592897 6.091969 15.959396
v -28.922186 6.193495 16.294241
v -28.922186 6.216156 16.342838
v -28.592897 6.047109 15.980314
v -28.592897 6.024448 15.931719
v -28.582291 6.146447 15.271965
v -28.582291 6.017058 15.773651
v -28.532793 5.994397 15.725054
v -28.532793 6.017058 15.773651
v -28.532793 6.146447 15.271965
v -28.532793 6.123786 15.223368
v -28.592897 5.939924 15.750456
v -28.922186 5.770876 15.387932
v -28.922186 5.838398 15.415611
v -28.592897 5.962585 15.799053
v -28.922186 5.793538 15.436529
v -28.592897 6.007445 15.778133
v -28.532793 6.039263 15.042107
v -28.532793 5.740826 15.181271
v -28.582291 5.763487 15.229866
v -28.532793 6.061923 15.090702
v -28.532793 5.763487 15.229866
v -28.582291 6.061923 15.090702
v -28.932793 6.061923 15.090702
v -28.932793 5.763487 15.229866
v -28.982290 5.740826 15.181271
v -28.982290 6.061923 15.090702
v -28.982290 5.763487 15.229866
v -28.982290 6.039263 15.042107
v -28.592897 5.753874 15.234348
v -28.922186 5.753874 15.234348
v -28.922186 5.709013 15.255268
v -28.592897 5.709013 15.255268
v -28.592897 5.686353 15.206671
v -28.922186 5.686353 15.206671
v -28.592897 6.071536 15.086220
v -28.922186 6.071536 15.086220
v -28.922186 6.093736 15.016705
v -28.592897 6.116396 15.065300
v -28.922186 6.116396 15.065300
v -28.592897 6.093736 15.016705
v -25.392897 6.684521 16.425867
v -25.322186 6.684521 16.425867
v -25.322186 6.008331 14.975773
v -25.392897 6.008331 14.975773
v -25.392897 6.748607 16.395985
v -25.392897 6.072417 14.945890
v -25.322186 6.748607 16.395985
v -25.322186 6.072417 14.945890
v -25.322186 6.684521 16.425867
v -25.322186 6.008331 14.975773
v -25.322186 6.386085 16.565031
v -25.392897 5.709894 15.114937
v -25.322186 5.709894 15.114937
v -25.392897 6.386085 16.565031
v -25.392897 5.645808 15.144821
v -25.392897 6.321999 16.594915
v -25.322186 5.645808 15.144821
v -25.322186 6.321999 16.594915
v -25.322186 5.709894 15.114937
v -25.322186 6.386085 16.565031
v -24.992897 6.748607 16.395985
v -24.992897 6.684521 16.425867
v -24.992897 6.008331 14.975773
v -24.992897 6.072417 14.945890
v -24.922188 6.748607 16.395985
v -24.922188 6.072417 14.945890
v -24.922188 6.684521 16.425867
v -24.922188 6.008331 14.975773
v -24.992897 6.684521 16.425867
v -24.992897 6.008331 14.975773
v -25.322186 6.321999 16.594915
v -25.392897 6.321999 16.594915
v -25.392897 6.386085 16.565031
v -25.322186 6.386085 16.565031
v -24.922188 6.321999 16.594915
v -24.992897 6.321999 16.594915
v -24.992897 6.386085 16.565031
v -24.922188 6.386085 16.565031
v -25.392897 6.684521 16.425867
v -25.392897 6.748607 16.395985
v -25.322186 6.748607 16.395985
v -25.322186 6.684521 16.425867
v -24.922188 6.684521 16.425867
v -24.992897 6.684521 16.425867
v -24.992897 6.748607 16.395985
v -24.922188 6.748607 16.395985
v -24.922188 6.386085 16.565031
v -24.992897 6.386085 16.565031
v -24.992897 5.709894 15.114937
v -24.922188 5.709894 15.114937
v -24.922188 6.321999 16.594915
v -24.922188 5.645808 15.144821
v -24.992897 6.321999 16.594915
v -24.992897 5.645808 15.144821
v -24.992897 6.386085 16.565031
v -24.992897 5.709894 15.114937
v -24.982292 6.630929 16.310940
v -24.982292 6.653589 16.359535
v -24.982292 6.355153 16.498697
v -24.982292 6.332492 16.450102
v -24.932793 6.332492 16.450102
v -24.932793 6.630929 16.310940
v -24.932793 6.355153 16.498697
v -24.932793 6.653589 16.359535
v -24.982292 6.355153 16.498697
v -24.982292 6.653589 16.359535
v -24.992897 6.322880 16.454584
v -24.992897 6.345540 16.503180
v -25.322186 6.345540 16.503180
v -25.322186 6.322880 16.454584
v -24.992897 6.278019 16.475504
v -25.322186 6.278019 16.475504
v -24.992897 6.300680 16.524099
v -25.322186 6.300680 16.524099
v -24.992897 6.345540 16.503180
v -25.322186 6.345540 16.503180
v -25.332792 6.355153 16.498697
v -25.332792 6.653589 16.359535
v -25.332792 6.630929 16.310940
v -25.332792 6.332492 16.450102
v -25.382290 6.630929 16.310940
v -25.382290 6.332492 16.450102
v -25.382290 6.653589 16.359535
v -25.382290 6.355153 16.498697
v -25.332792 6.653589 16.359535
v -25.332792 6.355153 16.498697
v -24.982292 6.569066 16.178272
v -24.982292 6.078921 15.906319
v -24.982292 6.546405 16.129677
v -24.982292 6.101582 15.954914
v -24.932793 6.101582 15.954914
v -24.932793 6.569066 16.178272
v -24.932793 6.078921 15.906319
v -24.932793 6.546405 16.129677
v -24.982292 6.078921 15.906319
v -24.982292 6.546405 16.129677
v -24.992897 6.663202 16.355053
v -25.322186 6.640542 16.306458
v -25.322186 6.663202 16.355053
v -24.992897 6.640542 16.306458
v -25.322186 6.685402 16.285538
v -24.992897 6.685402 16.285538
v -24.992897 6.708063 16.334133
v -25.322186 6.708063 16.334133
v -24.992897 6.663202 16.355053
v -25.322186 6.663202 16.355053
v -25.332792 6.377358 15.767155
v -25.382290 6.247969 16.268841
v -25.332792 6.247969 16.268841
v -25.382290 6.377358 15.767155
v -25.382290 6.270629 16.317436
v -25.382290 6.400019 15.815750
v -25.332792 6.270629 16.317436
v -25.332792 6.400019 15.815750
v -25.332792 6.377358 15.767155
v -25.332792 6.247969 16.268841
v -25.322186 6.386971 15.762672
v -24.992897 6.556018 16.125195
v -24.992897 6.600878 16.104275
v -25.322186 6.431831 15.741753
v -24.992897 6.623539 16.152872
v -25.322186 6.454492 15.790348
v -25.322186 6.409631 15.811268
v -24.992897 6.578679 16.173790
v -25.322186 6.386971 15.762672
v -24.992897 6.556018 16.125195
v -25.332792 6.315495 15.634489
v -25.332792 6.292833 15.585892
v -25.332792 5.825349 15.362532
v -25.332792 5.848011 15.411129
v -25.382290 5.848011 15.411129
v -25.382290 6.315495 15.634489
v -25.382290 6.292833 15.585892
v -25.382290 5.825349 15.362532
v -25.332792 6.292833 15.585892
v -25.332792 5.825349 15.362532
v -25.322186 6.347307 15.560490
v -25.322186 6.302446 15.581409
v -24.992897 6.133399 15.218885
v -24.992897 6.178259 15.197966
v -24.992897 6.200920 15.246563
v -25.322186 6.369968 15.609087
v -24.992897 6.156060 15.267483
v -25.322186 6.325108 15.630007
v -25.322186 6.302446 15.581409
v -24.992897 6.133399 15.218885
v -25.322186 6.238356 16.273323
v -24.992897 6.024448 15.931719
v -24.992897 6.069309 15.910801
v -25.322186 6.193495 16.294241
v -24.992897 6.047109 15.980314
v -25.322186 6.216156 16.342838
v -24.992897 6.091969 15.959396
v -25.322186 6.261016 16.321918
v -25.322186 6.238356 16.273323
v -24.992897 6.069309 15.910801
v -24.982292 6.017058 15.773651
v -24.982292 5.994397 15.725054
v -24.982292 6.123786 15.223368
v -24.982292 6.146447 15.271965
v -24.932793 6.017058 15.773651
v -24.932793 6.146447 15.271965
v -24.932793 5.994397 15.725054
v -24.932793 6.123786 15.223368
v -24.982292 5.994397 15.725054
v -24.982292 6.123786 15.223368
v -24.992897 5.939924 15.750456
v -24.992897 5.984784 15.729538
v -25.322186 5.815737 15.367012
v -25.322186 5.770876 15.387932
v -25.322186 5.793538 15.436529
v -24.992897 5.962585 15.799053
v -25.322186 5.838398 15.415611
v -24.992897 6.007445 15.778133
v -25.322186 5.815737 15.367012
v -24.992897 5.984784 15.729538
v -24.982292 6.039263 15.042107
v -24.982292 5.763487 15.229866
v -24.982292 5.740826 15.181271
v -24.982292 6.061923 15.090702
v -24.932793 6.061923 15.090702
v -24.932793 5.763487 15.229866
v -24.932793 6.039263 15.042107
v -24.932793 5.740826 15.181271
v -24.982292 6.039263 15.042107
v -24.982292 5.740826 15.181271
v -25.332792 6.039263 15.042107
v -25.382290 5.740826 15.181271
v -25.332792 5.740826 15.181271
v -25.382290 6.039263 15.042107
v -25.382290 6.061923 15.090702
v -25.382290 5.763487 15.229866
v -25.332792 5.763487 15.229866
v -25.332792 6.061923 15.090702
v -25.332792 6.039263 15.042107
v -25.332792 5.740826 15.181271
v -25.322186 5.686353 15.206671
v -24.992897 5.731214 15.185753
v -25.322186 5.731214 15.185753
v -24.992897 5.686353 15.206671
v -25.322186 5.709013 15.255268
v -24.992897 5.709013 15.255268
v -24.992897 5.753874 15.234348
v -25.322186 5.753874 15.234348
v -24.992897 5.731214 15.185753
v -25.322186 5.731214 15.185753
v -24.992897 6.071536 15.086220
v -24.992897 6.048875 15.037624
v -25.322186 6.048875 15.037624
v -25.322186 6.071536 15.086220
v -25.322186 6.116396 15.065300
v -24.992897 6.116396 15.065300
v -25.322186 6.093736 15.016705
v -24.992897 6.093736 15.016705
v -24.992897 6.048875 15.037624
v -25.322186 6.048875 15.037624
v -25.322186 5.645808 15.144821
v -25.392897 5.645808 15.144821
v -25.392897 5.709894 15.114937
v -25.322186 5.709894 15.114937
v -24.922188 5.645808 15.144821
v -24.992897 5.645808 15.144821
v -24.992897 5.709894 15.114937
v -24.922188 5.709894 15.114937
v -25.392897 6.008331 14.975773
v -25.392897 6.072418 14.945889
v -25.322186 6.072418 14.945889
v -25.322186 6.008331 14.975773
v -24.922188 6.008331 14.975773
v -24.992897 6.008331 14.975773
v -24.992897 6.072418 14.945889
v -24.922188 6.072418 14.945889
v -25.322186 6.072417 14.945890
v -25.322186 6.748607 16.395985
v -25.392897 6.748607 16.395985
v -25.392897 6.684521 16.425867
v -25.392897 6.008331 14.975773
v -25.392897 6.072417 14.945890
v -25.392897 6.386085 16.565031
v -25.392897 6.321999 16.594915
v -25.392897 5.645808 15.144821
v -25.392897 5.709894 15.114937
v -25.322186 6.321999 16.594915
v -25.322186 5.645808 15.144821
v -24.992897 6.748607 16.395985
v -24.992897 6.072417 14.945890
v -24.922188 6.072417 14.945890
v -24.922188 6.684521 16.425867
v -24.922188 6.748607 16.395985
v -24.922188 6.008331 14.975773
v -24.992897 6.321999 16.594915
v -24.992897 5.645808 15.144821
v -24.922188 5.709894 15.114937
v -24.922188 6.321999 16.594915
v -24.922188 6.386085 16.565031
v -24.922188 5.645808 15.144821
v -24.982292 6.630929 16.310940
v -24.982292 6.332492 16.450102
v -24.932793 6.355153 16.498697
v -24.932793 6.630929 16.310940
v -24.932793 6.332492 16.450102
v -24.932793 6.653589 16.359535
v -25.322186 6.322880 16.454584
v -24.992897 6.322880 16.454584
v -24.992897 6.300680 16.524099
v -24.992897 6.278019 16.475504
v -25.322186 6.278019 16.475504
v -25.322186 6.300680 16.524099
v -25.332792 6.332492 16.450102
v -25.332792 6.630929 16.310940
v -25.382290 6.332492 16.450102
v -25.382290 6.630929 16.310940
v -25.382290 6.653589 16.359535
v -25.382290 6.355153 16.498697
v -24.932793 6.546405 16.129677
v -24.932793 6.078921 15.906319
v -24.932793 6.569066 16.178272
v -24.932793 6.101582 15.954914
v -24.982292 6.569066 16.178272
v -24.982292 6.101582 15.954914
v -24.992897 6.708063 16.334133
v -25.322186 6.708063 16.334133
v -24.992897 6.640542 16.306458
v -24.992897 6.685402 16.285538
v -25.322186 6.685402 16.285538
v -25.322186 6.640542 16.306458
v -25.332792 6.400019 15.815750
v -25.332792 6.270629 16.317436
v -25.382290 6.377358 15.767155
v -25.382290 6.400019 15.815750
v -25.382290 6.270629 16.317436
v -25.382290 6.247969 16.268841
v -25.322186 6.431831 15.741753
v -24.992897 6.600878 16.104275
v -25.322186 6.409631 15.811268
v -25.322186 6.454492 15.790348
v -24.992897 6.623539 16.152872
v -24.992897 6.578679 16.173790
v -25.332792 6.315495 15.634489
v -25.332792 5.848011 15.411129
v -25.382290 6.292833 15.585892
v -25.382290 6.315495 15.634489
v -25.382290 5.848011 15.411129
v -25.382290 5.825349 15.362532
v -25.322186 6.347307 15.560490
v -24.992897 6.178259 15.197966
v -24.992897 6.156060 15.267483
v -25.322186 6.369968 15.609087
v -24.992897 6.200920 15.246563
v -25.322186 6.325108 15.630007
v -25.322186 6.261016 16.321918
v -24.992897 6.091969 15.959396
v -25.322186 6.193495 16.294241
v -25.322186 6.216156 16.342838
v -24.992897 6.047109 15.980314
v -24.992897 6.024448 15.931719
v -24.982292 6.146447 15.271965
v -24.982292 6.017058 15.773651
v -24.932793 5.994397 15.725054
v -24.932793 6.017058 15.773651
v -24.932793 6.146447 15.271965
v -24.932793 6.123786 15.223368
v -24.992897 5.939924 15.750456
v -25.322186 5.770876 15.387932
v -25.322186 5.838398 15.415611
v -24.992897 5.962585 15.799053
v -25.322186 5.793538 15.436529
v -24.992897 6.007445 15.778133
v -24.932793 6.039263 15.042107
v -24.932793 5.740826 15.181271
v -24.982292 5.763487 15.229866
v -24.932793 6.061923 15.090702
v -24.932793 5.763487 15.229866
v -24.982292 6.061923 15.090702
v -25.332792 6.061923 15.090702
v -25.332792 5.763487 15.229866
v -25.382290 5.740826 15.181271
v -25.382290 6.061923 15.090702
v -25.382290 5.763487 15.229866
v -25.382290 6.039263 15.042107
v -24.992897 5.753874 15.234348
v -25.322186 5.753874 15.234348
v -25.322186 5.709013 15.255268
v -24.992897 5.709013 15.255268
v -24.992897 5.686353 15.206671
v -25.322186 5.686353 15.206671
v -24.992897 6.071536 15.086220
v -25.322186 6.071536 15.086220
v -25.322186 6.093736 15.016705
v -24.992897 6.116396 15.065300
v -25.322186 6.116396 15.065300
v -24.992897 6.093736 15.016705
v -27.757545 8.180299 36.415230
v -27.757545 4.180303 36.415230
v -26.757545 4.180303 36.415230
v -20.757545 8.180299 36.415230
v -20.757545 4.180303 36.415230
v -26.757545 3.680303 36.415230
v -20.757545 2.180302 36.415230
v -22.757540 2.180302 36.415230
v -26.757545 0.180300 36.415230
v -20.757545 2.180302 36.415230
v -20.757545 2.180302 29.415232
v -20.757545 4.180304 29.415232
v -20.757545 4.180303 36.415230
v -20.757545 8.180300 29.415234
v -20.757545 8.180299 36.415230
v -22.757540 8.180300 29.415234
v -20.757545 8.180300 29.415234
v -20.757545 4.180304 29.415232
v -22.757540 4.180304 29.415232
v -20.757545 2.180302 29.415232
v -22.757540 2.180302 29.415232
v -26.757545 4.180304 29.415232
v -26.757545 4.180303 36.415230
v -26.757545 4.180304 32.415226
v -26.757545 3.680303 32.415226
v -26.757545 3.680303 36.415230
v -22.757545 2.402526 29.415230
v -22.757545 2.180298 29.415230
v -22.757545 2.180297 32.115227
v -22.757545 2.402525 32.115227
v -23.201988 2.180297 33.715233
v -22.757545 2.180297 33.715233
v -22.757545 2.180297 36.415230
v -23.201988 2.180297 36.415230
v -26.757540 0.180303 33.715233
v -26.757540 0.402524 33.715233
v -26.757540 0.402524 36.415230
v -26.757540 0.180303 36.415230
v -26.757540 0.402524 33.715233
v -26.313097 0.402524 33.715233
v -26.313097 0.402524 36.415230
v -26.757540 0.402524 36.415230
v -26.313097 0.402524 33.715233
v -26.313097 0.624746 33.715233
v -26.313097 0.624746 36.415230
v -26.313097 0.402524 36.415230
v -26.313097 0.624746 33.715233
v -25.868654 0.624746 33.715233
v -25.868654 0.624746 36.415230
v -26.313097 0.624746 36.415230
v -25.868654 0.624746 33.715233
v -25.868654 0.846968 33.715233
v -25.868654 0.846968 36.415230
v -25.868654 0.624746 36.415230
v -25.868654 0.846968 33.715233
v -25.424210 0.846968 33.715233
v -25.424210 0.846968 36.415230
v -25.868654 0.846968 36.415230
v -25.424210 0.846968 33.715233
v -25.424210 1.069189 33.715233
v -25.424210 1.069189 36.415230
v -25.424210 0.846968 36.415230
v -25.424210 1.069189 33.715233
v -24.979767 1.069189 33.715233
v -24.979767 1.069189 36.415230
v -25.424210 1.069189 36.415230
v -24.979767 1.069189 33.715233
v -24.979767 1.291411 33.715233
v -24.979767 1.291411 36.415230
v -24.979767 1.069189 36.415230
v -24.979767 1.291411 33.715233
v -24.535316 1.291411 33.715233
v -24.535316 1.291411 36.415230
v -24.979767 1.291411 36.415230
v -24.535316 1.291411 33.715233
v -24.535316 1.513633 33.715233
v -24.535316 1.513632 36.415230
v -24.535316 1.291411 36.415230
v -24.535316 1.513633 33.715233
v -24.090874 1.513633 33.715233
v -24.090874 1.513632 36.415230
v -24.535316 1.513632 36.415230
v -24.090874 1.513633 33.715233
v -24.090874 1.735854 33.715233
v -24.090874 1.735853 36.415230
v -24.090874 1.513632 36.415230
v -24.090874 1.735854 33.715233
v -23.646431 1.735854 33.715233
v -23.646431 1.735853 36.415230
v -24.090874 1.735853 36.415230
v -23.646431 1.735854 33.715233
v -23.646431 1.958076 33.715233
v -23.646431 1.958075 36.415230
v -23.646431 1.735853 36.415230
v -23.646431 1.958076 33.715233
v -23.201988 1.958076 33.715233
v -23.201988 1.958075 36.415230
v -23.646431 1.958075 36.415230
v -23.201988 1.958076 33.715233
v -23.201988 2.180297 33.715233
v -23.201988 2.180297 36.415230
v -23.201988 1.958075 36.415230
v -26.757540 4.180299 29.415230
v -26.313097 4.180299 29.415230
v -26.313097 4.180298 32.115227
v -26.757540 4.180298 32.115227
v -26.313097 4.180299 29.415230
v -26.313097 3.958077 29.415230
v -26.313097 3.958076 32.115227
v -26.313097 4.180298 32.115227
v -26.313097 3.958077 29.415230
v -25.868654 3.958077 29.415230
v -25.868654 3.958076 32.115227
v -26.313097 3.958076 32.115227
v -25.868654 3.958077 29.415230
v -25.868654 3.735855 29.415230
v -25.868654 3.735855 32.115227
v -25.868654 3.958076 32.115227
v -25.868654 3.735855 29.415230
v -25.424210 3.735855 29.415230
v -25.424210 3.735855 32.115227
v -25.868654 3.735855 32.115227
v -25.424210 3.735855 29.415230
v -25.424210 3.513634 29.415230
v -25.424210 3.513633 32.115227
v -25.424210 3.735855 32.115227
v -25.424210 3.513634 29.415230
v -24.979767 3.513634 29.415230
v -24.979767 3.513633 32.115227
v -25.424210 3.513633 32.115227
v -24.979767 3.513634 29.415230
v -24.979767 3.291412 29.415230
v -24.979767 3.291412 32.115227
v -24.979767 3.513633 32.115227
v -24.979767 3.291412 29.415230
v -24.535316 3.291412 29.415230
v -24.535316 3.291412 32.115227
v -24.979767 3.291412 32.115227
v -24.535316 3.291412 29.415230
v -24.535316 3.069191 29.415230
v -24.535316 3.069190 32.115227
v -24.535316 3.291412 32.115227
v -24.535316 3.069191 29.415230
v -24.090874 3.069191 29.415230
v -24.090874 3.069190 32.115227
v -24.535316 3.069190 32.115227
v -24.090874 3.069191 29.415230
v -24.090874 2.846969 29.415230
v -24.090874 2.846969 32.115227
v -24.090874 3.069190 32.115227
v -24.090874 2.846969 29.415230
v -23.646431 2.846969 29.415230
v -23.646431 2.846969 32.115227
v -24.090874 2.846969 32.115227
v -23.646431 2.846969 29.415230
v -23.646431 2.624748 29.415230
v -23.646431 2.624747 32.115227
v -23.646431 2.846969 32.115227
v -23.646431 2.624748 29.415230
v -23.201988 2.624748 29.415230
v -23.201988 2.624747 32.115227
v -23.646431 2.624747 32.115227
v -23.201988 2.624748 29.415230
v -23.201988 2.402526 29.415230
v -23.201988 2.402525 32.115227
v -23.201988 2.624747 32.115227
v -23.201988 2.402526 29.415230
v -22.757545 2.402526 29.415230
v -22.757545 2.402525 32.115227
v -23.201988 2.402525 32.115227
v -26.757542 0.180304 29.415226
v -20.757542 0.180304 29.415226
v -20.757542 0.180303 36.415226
v -26.757542 0.180303 36.415226
v -31.757542 0.180304 29.415226
v -31.757542 0.180303 32.415226
v -31.757542 0.180303 36.415226
v -26.857548 0.180304 29.315231
v -31.657536 0.180304 29.315231
v -31.757542 0.180304 28.415226
v -26.857548 0.180304 28.515232
v -26.757542 0.180304 28.415226
v -27.757542 0.180304 28.415226
v -31.657536 0.180304 28.515232
v -29.757542 0.180304 28.415226
v -31.657536 0.180304 28.515232
v -31.657536 0.155305 28.515232
v -31.657536 0.155305 29.315231
v -31.657536 0.180304 29.315231
v -31.657536 0.180304 29.315231
v -31.657536 0.155305 29.315231
v -26.857548 0.155305 29.315231
v -26.857548 0.180304 29.315231
v -26.857548 0.180304 28.515232
v -26.857548 0.155305 28.515232
v -31.657536 0.155305 28.515232
v -31.657536 0.180304 28.515232
v -26.857548 0.180304 29.315231
v -26.857548 0.155305 29.315231
v -26.857548 0.155305 28.515232
v -26.857548 0.180304 28.515232
v -31.757542 0.180301 28.415234
v -29.757545 2.680297 28.415234
v -29.757545 0.180301 28.415234
v -31.757542 3.680305 28.415234
v -27.757538 2.680297 28.415234
v -26.757540 3.680305 28.415234
v -26.757540 0.180301 28.415234
v -27.757538 0.180301 28.415234
v -26.757540 0.180300 36.415230
v -26.757540 3.680305 36.415230
v -31.757542 3.680305 36.415230
v -31.757542 0.180300 36.415230
v -26.757540 3.680305 36.415230
v -31.757542 3.680305 29.415232
v -31.757542 3.680305 36.415230
v -26.757540 3.680305 29.415232
v -26.757540 3.680305 28.415234
v -31.757542 3.680305 28.415234
v -26.757540 3.580299 28.515228
v -26.682543 3.580299 28.515228
v -26.682543 0.280297 28.515228
v -26.757540 0.280297 28.515228
v -26.757540 3.580299 29.315235
v -26.682543 3.580299 29.315235
v -26.682543 3.580299 28.515228
v -26.757540 3.580299 28.515228
v -26.757540 0.280297 29.315235
v -26.682543 0.280297 29.315235
v -26.682543 3.580299 29.315235
v -26.757540 3.580299 29.315235
v -26.607546 0.244944 29.350590
v -26.607546 0.244943 28.479876
v -26.607546 3.615652 28.479876
v -26.607546 3.615653 29.350590
v -26.757540 3.680305 29.415232
v -22.757534 1.680299 29.415232
v -22.757534 0.180301 29.415230
v -26.757540 0.180301 29.415230
v -26.757540 0.280297 28.515228
v -26.682543 0.280297 28.515228
v -26.682543 0.280297 29.315235
v -26.757540 0.280297 29.315235
v -26.757540 0.280297 28.515228
v -26.757540 0.180301 28.415234
v -26.757540 3.680305 28.415234
v -26.757540 3.580299 28.515228
v -26.757540 0.280297 29.315235
v -26.757540 3.680305 29.415232
v -26.757540 0.180301 29.415230
v -26.757540 3.580299 29.315235
v -27.557539 0.455300 28.290230
v -27.704086 0.455300 28.290230
v -27.704086 2.405300 28.290230
v -27.557539 2.405300 28.290230
v -27.732540 0.455300 28.261780
v -27.732540 2.405300 28.261780
v -27.704086 2.405300 28.290230
v -27.704086 0.455300 28.290230
v -27.704086 0.455300 27.240229
v -27.557539 0.455300 27.240229
v -27.557539 2.405300 27.240229
v -27.704086 2.405300 27.240229
v -27.732540 0.455300 28.261780
v -27.732540 0.455300 27.268682
v -27.732540 2.405300 27.268682
v -27.732540 2.405300 28.261780
v -27.732540 0.455300 27.268682
v -27.704086 0.455300 27.240229
v -27.704086 2.405300 27.240229
v -27.732540 2.405300 27.268682
v -29.957541 0.455300 28.290230
v -29.957541 2.405300 28.290230
v -29.810993 2.405300 28.290230
v -29.810993 0.455300 28.290230
v -29.782543 0.455300 28.261780
v -29.810993 0.455300 28.290230
v -29.810993 2.405300 28.290230
v -29.782543 2.405300 28.261780
v -29.810993 0.455300 27.240229
v -29.810993 2.405300 27.240229
v -29.957541 2.405300 27.240229
v -29.957541 0.455300 27.240229
v -29.782543 0.455300 28.261780
v -29.782543 2.405300 28.261780
v -29.782543 2.405300 27.268682
v -29.782543 0.455300 27.268682
v -29.782543 0.455300 27.268682
v -29.782543 2.405300 27.268682
v -29.810993 2.405300 27.240229
v -29.810993 0.455300 27.240229
v -27.757542 4.180297 36.415234
v -27.757542 8.180297 36.415234
v -27.757542 8.180296 37.415234
v -27.757542 4.180296 37.415234
v -30.357544 8.180296 37.015224
v -30.357544 4.180296 37.015224
v -30.357544 4.180296 37.415234
v -30.357544 8.180296 37.415234
v -27.757542 4.180296 37.415234
v -28.457539 6.380301 37.415234
v -28.457539 4.180296 37.415234
v -27.757542 8.180296 37.415234
v -30.357544 8.180296 37.415234
v -29.657543 6.380301 37.415234
v -29.657543 4.180296 37.415234
v -30.357544 4.180296 37.415234
v -34.307533 4.630304 37.015224
v -34.307510 6.230294 37.658539
v -34.307510 6.230294 37.015224
v -34.307533 4.630304 37.658539
v -34.196629 6.230294 38.215988
v -34.196651 4.630304 38.215988
v -33.880859 6.230294 38.688572
v -33.880882 4.630304 38.688572
v -33.408276 6.230294 39.004341
v -33.408298 4.630304 39.004341
v -32.850815 6.230294 39.115234
v -32.850842 4.630304 39.115234
v -32.264233 4.630304 39.115234
v -32.264233 6.230294 39.115234
v -31.706785 6.230294 39.004341
v -31.706785 4.630304 39.004341
v -31.234200 6.230294 38.688572
v -31.234200 4.630304 38.688572
v -30.918432 6.230294 38.215988
v -30.918432 4.630304 38.215988
v -30.807539 6.230294 37.658539
v -30.807539 4.630304 37.658539
v -30.807539 6.230294 37.015224
v -30.807539 4.630304 37.015224
v -30.807539 4.630304 37.658539
v -30.918432 4.630304 38.215988
v -31.234200 4.630304 38.688572
v -31.706785 4.630304 39.004341
v -32.264233 4.630304 39.115234
v -32.850842 4.630304 39.115234
v -33.408298 4.630304 39.004341
v -33.880882 4.630304 38.688572
v -34.196651 4.630304 38.215988
v -34.307533 4.630304 37.658539
v -30.807539 4.630304 37.015224
v -34.307533 4.630304 37.015224
v -34.231392 6.612971 37.015224
v -34.307510 6.230294 37.015224
v -34.307510 6.230294 37.658539
v -34.231392 6.612972 37.651035
v -34.014614 6.937400 37.015224
v -34.196629 6.230294 38.215988
v -34.014614 6.937400 37.629688
v -33.690186 7.154166 37.015224
v -34.124924 6.612971 38.186291
v -33.880859 6.230294 38.688572
v -33.690186 7.154166 37.597733
v -33.307495 7.230294 37.015224
v -33.825966 6.612972 38.633690
v -33.408276 6.230294 39.004341
v -33.920719 6.937400 38.101700
v -33.378567 6.612971 38.932636
v -32.850815 6.230294 39.115234
v -33.669685 6.937400 38.477409
v -33.615112 7.154166 37.975117
v -33.307495 7.230294 37.560047
v -32.843311 6.612971 39.039104
v -32.264233 6.230294 39.115234
v -33.293976 6.937400 38.728443
v -31.807539 7.230294 37.560047
v -31.807539 7.230294 37.015224
v -31.424862 7.154166 37.015224
v -33.254639 7.230294 37.825806
v -31.424862 7.154166 37.597733
v -33.159889 7.230294 37.967613
v -31.100433 6.937400 37.015224
v -33.435783 7.154167 38.243507
v -32.271736 6.612971 39.039104
v -31.706785 6.230294 39.004341
v -32.821964 6.937400 38.822338
v -33.167393 7.154167 38.422852
v -31.736481 6.612971 38.932636
v -31.234200 6.230294 38.688572
v -33.018082 7.230294 38.062366
v -32.790009 7.154166 38.497910
v -32.293083 6.937400 38.822338
v -31.289082 6.612972 38.633690
v -30.918432 6.230294 38.215988
v -32.752312 7.230294 38.115234
v -31.821070 6.937400 38.728443
v -32.325039 7.154166 38.497910
v -30.990137 6.612971 38.186291
v -30.807539 6.230294 37.658539
v -32.362724 7.230294 38.115234
v -31.445362 6.937400 38.477409
v -31.947655 7.154167 38.422852
v -30.883667 6.612972 37.651035
v -30.807539 6.230294 37.015224
v -30.883667 6.612971 37.015224
v -32.096966 7.230294 38.062366
v -31.194328 6.937400 38.101700
v -31.100433 6.937400 37.629688
v -31.679264 7.154167 38.243507
v -31.499922 7.154166 37.975117
v -31.955160 7.230294 37.967613
v -31.860409 7.230294 37.825806
v -34.757542 4.630305 33.065235
v -35.400845 6.230295 33.065258
v -34.757542 6.230295 33.065258
v -35.400845 4.630305 33.065235
v -35.958305 6.230295 33.176140
v -35.958305 4.630305 33.176117
v -36.430889 6.230295 33.491909
v -36.430889 4.630305 33.491882
v -36.746658 6.230295 33.964504
v -36.746658 4.630305 33.964481
v -36.857536 6.230295 34.521954
v -36.857536 4.630305 34.521927
v -36.857536 4.630305 35.108536
v -36.857536 6.230295 35.108536
v -36.746658 6.230295 35.665985
v -36.746658 4.630305 35.665981
v -36.430889 6.230295 36.138565
v -36.430889 4.630305 36.138565
v -35.958305 6.230295 36.454350
v -35.958305 4.630305 36.454350
v -35.400845 6.230295 36.565228
v -35.400845 4.630305 36.565228
v -34.757542 6.230295 36.565228
v -34.757542 4.630305 36.565228
v -34.757542 6.612972 33.141388
v -34.757542 6.230295 33.065258
v -35.400845 6.230295 33.065258
v -35.393353 6.612972 33.141388
v -34.757542 6.937401 33.358166
v -35.958305 6.230295 33.176140
v -35.372005 6.937401 33.358166
v -34.757542 7.154167 33.682583
v -35.928596 6.612972 33.247856
v -36.430889 6.230295 33.491909
v -35.340050 7.154167 33.682583
v -34.757542 7.230295 34.065273
v -36.376007 6.612972 33.546803
v -36.746658 6.230295 33.964504
v -35.844021 6.937401 33.452049
v -36.674953 6.612972 33.994202
v -36.857536 6.230295 34.521954
v -36.219727 6.937401 33.703094
v -35.717434 7.154167 33.757656
v -35.302353 7.230295 34.065273
v -36.781422 6.612972 34.529457
v -36.857536 6.230295 35.108536
v -36.470760 6.937401 34.078789
v -35.985825 7.154167 33.936985
v -36.781422 6.612972 35.101044
v -36.746658 6.230295 35.665985
v -36.564644 6.937401 34.550816
v -36.674953 6.612972 35.636288
v -36.430889 6.230295 36.138565
v -35.302353 7.230295 35.565231
v -34.757542 7.230295 35.565231
v -34.757542 7.154167 35.947918
v -35.568123 7.230295 34.118141
v -36.165157 7.154167 34.205376
v -36.564644 6.937401 35.079685
v -36.376007 6.612972 36.083698
v -35.958305 6.230295 36.454350
v -35.340050 7.154167 35.947918
v -34.757542 6.937401 36.272335
v -35.709930 7.230295 34.212894
v -36.240227 7.154167 34.582771
v -36.470760 6.937401 35.551712
v -35.928596 6.612972 36.382645
v -35.400845 6.230295 36.565228
v -35.372005 6.937401 36.272335
v -34.757542 6.612972 36.489113
v -35.804680 7.230295 34.354698
v -36.240227 7.154167 35.047729
v -36.219727 6.937401 35.927406
v -35.393353 6.612972 36.489113
v -34.757542 6.230295 36.565228
v -35.844021 6.937401 36.178452
v -36.165157 7.154167 35.425125
v -35.857536 7.230295 34.620457
v -35.857536 7.230295 35.010044
v -35.804680 7.230295 35.275803
v -35.985825 7.154167 35.693516
v -35.717434 7.154167 35.872845
v -35.709930 7.230295 35.417618
v -35.568123 7.230295 35.512360
v -34.757542 6.230295 32.165230
v -35.400845 4.630305 32.165230
v -34.757542 4.630305 32.165230
v -35.400845 6.230295 32.165230
v -35.958305 4.630305 32.054352
v -35.958305 6.230295 32.054352
v -36.430889 4.630305 31.738569
v -36.430889 6.230295 31.738569
v -36.746658 4.630305 31.265985
v -36.746658 6.230295 31.265985
v -36.857536 4.630305 30.708538
v -36.857536 6.230295 30.708538
v -36.857536 6.230295 30.121956
v -36.857536 4.630305 30.121929
v -36.746658 4.630305 29.564484
v -36.746658 6.230295 29.564495
v -36.430889 4.630306 29.091887
v -36.430889 6.230295 29.091911
v -35.958305 4.630305 28.776117
v -35.958305 6.230295 28.776142
v -35.400845 4.630305 28.665237
v -35.400845 6.230295 28.665262
v -34.757542 4.630305 28.665237
v -34.757542 6.230295 28.665262
v -34.757542 6.612973 28.741390
v -34.757542 6.230295 28.665262
v -35.400845 6.230295 28.665262
v -35.393353 6.612973 28.741390
v -34.757542 6.937401 28.958168
v -35.958305 6.230295 28.776142
v -35.372005 6.937401 28.958168
v -34.757542 7.154168 29.282585
v -35.928596 6.612973 28.847847
v -36.430889 6.230295 29.091911
v -35.340050 7.154168 29.282585
v -34.757542 7.230296 29.665276
v -36.376007 6.612973 29.146805
v -36.746658 6.230295 29.564495
v -35.844021 6.937402 29.052052
v -36.674953 6.612973 29.594204
v -36.857536 6.230295 30.121956
v -36.219727 6.937402 29.303085
v -35.717434 7.154168 29.357656
v -35.302353 7.230296 29.665276
v -36.781422 6.612973 30.129459
v -36.857536 6.230295 30.708538
v -36.470760 6.937401 29.678793
v -35.985825 7.154168 29.536987
v -36.781422 6.612973 30.701035
v -36.746658 6.230295 31.265985
v -36.564655 6.937402 30.150818
v -36.674953 6.612972 31.236290
v -36.430889 6.230295 31.738569
v -35.302353 7.230295 31.165232
v -34.757542 7.230295 31.165232
v -34.757542 7.154167 31.547909
v -35.568123 7.230295 29.718143
v -36.165157 7.154167 29.805378
v -36.564655 6.937401 30.679688
v -36.376007 6.612972 31.683689
v -35.958305 6.230295 32.054352
v -35.340050 7.154167 31.547909
v -34.757542 6.937401 31.872337
v -35.709930 7.230295 29.812883
v -36.240227 7.154168 30.182775
v -36.470760 6.937401 31.151699
v -35.928596 6.612972 31.982647
v -35.400845 6.230295 32.165230
v -35.372005 6.937401 31.872337
v -34.757542 6.612972 32.089104
v -35.804680 7.230295 29.954689
v -36.240227 7.154167 30.647732
v -36.219727 6.937401 31.527407
v -35.393353 6.612972 32.089104
v -34.757542 6.230295 32.165230
v -35.844021 6.937401 31.778442
v -36.165157 7.154167 31.025127
v -35.857536 7.230295 30.220459
v -35.857536 7.230295 30.610046
v -35.804680 7.230295 30.875805
v -35.985825 7.154167 31.293518
v -35.717434 7.154167 31.472849
v -35.709930 7.230295 31.017611
v -35.568123 7.230295 31.112362
v -35.400845 4.630305 33.065235
v -34.757542 4.630305 33.065235
v -34.757542 4.630305 36.565228
v -35.400845 4.630305 36.565228
v -35.958305 4.630305 33.176117
v -35.958305 4.630305 36.454350
v -36.430889 4.630305 33.491882
v -36.430889 4.630305 36.138565
v -36.746658 4.630305 33.964481
v -36.746658 4.630305 35.665981
v -36.857536 4.630305 34.521927
v -36.857536 4.630305 35.108536
v -35.400845 4.630305 28.665237
v -34.757542 4.630305 28.665237
v -34.757542 4.630305 32.165230
v -35.400845 4.630305 32.165230
v -35.958305 4.630305 28.776117
v -35.958305 4.630305 32.054352
v -36.430889 4.630306 29.091887
v -36.430889 4.630305 31.738569
v -36.746658 4.630305 29.564484
v -36.746658 4.630305 31.265985
v -36.857536 4.630305 30.121929
v -36.857536 4.630305 30.708538
v -34.757542 8.180296 37.015224
v -34.307533 4.630304 37.015224
v -34.307510 6.230294 37.015224
v -34.231392 6.612971 37.015224
v -34.014614 6.937400 37.015224
v -33.690186 7.154166 37.015224
v -33.307495 7.230294 37.015224
v -30.357544 8.180296 37.015224
v -34.757542 4.180296 37.015224
v -30.357544 4.180296 37.015224
v -30.807539 4.630304 37.015224
v -31.807539 7.230294 37.015224
v -30.807539 6.230294 37.015224
v -31.424862 7.154166 37.015224
v -30.883667 6.612971 37.015224
v -31.100433 6.937400 37.015224
v -34.757542 6.937401 28.958168
v -34.757542 8.180297 28.215279
v -34.757542 6.612973 28.741390
v -34.757542 7.154168 29.282585
v -34.757542 6.230295 28.665262
v -34.757542 7.230296 29.665276
v -34.757542 4.630305 28.665237
v -34.757542 4.180297 28.215229
v -34.757542 8.180297 32.615227
v -34.757542 4.180297 32.615227
v -34.757542 7.230295 31.165232
v -34.757542 7.154167 31.547909
v -34.757542 6.937401 31.872337
v -34.757542 6.612972 32.089104
v -34.757542 6.230295 32.165230
v -34.757542 4.630305 32.165230
v -34.757542 4.630305 33.065235
v -34.757542 4.180296 37.015224
v -34.757542 4.630305 36.565228
v -34.757542 8.180296 37.015224
v -34.757542 6.230295 33.065258
v -34.757542 6.230295 36.565228
v -34.757542 6.612972 33.141388
v -34.757542 6.612972 36.489113
v -34.757542 6.937401 33.358166
v -34.757542 7.154167 33.682583
v -34.757542 7.230295 34.065273
v -34.757542 6.937401 36.272335
v -34.757542 7.230295 35.565231
v -34.757542 7.154167 35.947918
v -35.928596 6.612972 36.382645
v -36.470760 6.937401 35.551712
v -36.219727 6.937401 35.927406
v -35.844021 6.937401 36.178452
v -36.564644 6.937401 35.079685
v -36.564644 6.937401 34.550816
v -36.470760 6.937401 34.078789
v -35.393353 6.612972 36.489113
v -34.757542 6.612972 36.489113
v -35.372005 6.937401 33.358166
v -35.844021 6.937401 33.452049
v -36.219727 6.937401 33.703094
v -34.757542 6.937401 33.358166
v -36.746658 6.230295 33.964504
v -36.674953 6.612972 33.994202
v -36.470760 6.937401 34.078789
v -36.746658 6.230295 33.964504
v -36.746658 4.630305 33.964481
v -35.928596 6.612972 31.982647
v -36.470760 6.937401 31.151699
v -36.219727 6.937401 31.527407
v -35.844021 6.937401 31.778442
v -36.564655 6.937401 30.679688
v -36.564655 6.937402 30.150818
v -36.470760 6.937401 29.678793
v -35.393353 6.612972 32.089104
v -34.757542 6.612972 32.089104
v -35.372005 6.937401 28.958168
v -35.844021 6.937402 29.052052
v -36.219727 6.937402 29.303085
v -34.757542 6.937401 28.958168
v -36.746658 6.230295 29.564495
v -36.674953 6.612973 29.594204
v -36.470760 6.937401 29.678793
v -36.746658 6.230295 29.564495
v -36.746658 4.630305 29.564484
v -30.990137 6.612971 38.186291
v -31.821070 6.937400 38.728443
v -31.445362 6.937400 38.477409
v -31.194328 6.937400 38.101700
v -32.293083 6.937400 38.822338
v -32.821964 6.937400 38.822338
v -33.293976 6.937400 38.728443
v -30.883667 6.612972 37.651035
v -30.883667 6.612971 37.015224
v -34.014614 6.937400 37.629688
v -33.920719 6.937400 38.101700
v -33.669685 6.937400 38.477409
v -34.014614 6.937400 37.015224
v -33.408276 6.230294 39.004341
v -33.378567 6.612971 38.932636
v -33.293976 6.937400 38.728443
v -33.408276 6.230294 39.004341
v -33.408298 4.630304 39.004341
v -30.357544 4.180294 37.015232
v -29.657547 4.180294 37.415230
v -30.357544 4.180294 37.415230
v -27.757540 4.180295 36.415230
v -28.457539 4.180294 37.415230
v -27.757540 4.180294 37.415230
v -26.757540 4.180295 29.415230
v -32.757542 4.180295 25.915230
v -26.757540 4.180295 36.415230
v -34.757542 4.180295 32.615227
v -34.757542 4.180294 37.015232
v -34.757542 4.180295 28.215233
v -34.757542 4.180295 27.665236
v -34.757542 4.180295 26.465225
v -34.757542 4.180295 25.915230
v -24.757540 4.180295 25.915230
v -30.757540 4.180295 24.915230
v -26.757540 4.180295 24.915230
v -22.757540 4.180295 27.465225
v -22.757540 4.180295 25.915230
v -22.757540 4.180295 28.665224
v -22.757540 4.180295 29.415230
v -34.757538 4.180296 27.665230
v -34.757545 4.180296 28.215225
v -34.757545 8.180293 28.215279
v -34.757538 6.380302 27.665230
v -34.757538 8.180301 25.115204
v -34.757538 6.380302 26.465229
v -34.757538 4.180296 25.115204
v -34.757538 4.180296 26.465229
v -34.757538 7.842835 24.777737
v -34.757538 4.180297 24.777735
v -34.757538 7.842835 23.865164
v -34.757538 8.180303 23.865164
v -34.822166 7.842835 23.085575
v -34.822166 8.180303 23.085575
v -35.011627 7.842835 22.223408
v -35.011627 8.180303 22.223408
v -35.313015 7.842835 21.337421
v -35.313015 8.180303 21.337421
v -35.705795 7.842835 20.487984
v -35.705795 8.180303 20.487984
v -36.163189 7.842835 19.732998
v -36.163189 8.180302 19.732998
v -36.535900 7.842835 19.282200
v -36.757492 8.180294 19.015282
v -36.535900 4.180297 19.282200
v -36.757545 3.680304 19.015282
v -22.757540 6.380304 27.465229
v -22.757540 4.180305 27.465229
v -22.757540 4.180305 25.115206
v -22.757540 8.180305 25.115208
v -22.757540 8.180304 29.415230
v -22.757540 6.380304 28.665228
v -22.757540 4.180305 29.415230
v -22.757540 4.180305 28.665228
v -22.757540 7.842830 24.777740
v -22.757540 4.180296 24.777740
v -22.757540 7.842830 23.865160
v -22.757540 8.180305 23.865160
v -22.692923 7.842830 23.085571
v -22.692923 8.180305 23.085571
v -22.503456 7.842829 22.223404
v -22.503456 8.180305 22.223404
v -22.202072 7.842829 21.337425
v -22.202072 8.180305 21.337425
v -21.809292 7.842829 20.487991
v -21.809292 8.180305 20.487991
v -21.351887 7.842829 19.733002
v -21.351887 8.180305 19.733002
v -20.979183 7.842829 19.282200
v -20.757589 8.180305 19.015282
v -20.979183 4.180296 19.282200
v -20.757542 3.680301 19.015282
v -34.757542 4.230299 25.865236
v -34.757542 4.230299 26.015234
v -32.733940 4.230299 26.015234
v -32.769348 4.230299 25.865236
v -30.733932 4.230299 25.015224
v -30.769341 4.230299 24.865227
v -26.781151 4.230299 25.015224
v -26.745743 4.230299 24.865227
v -24.781145 4.230299 26.015234
v -24.745737 4.230299 25.865236
v -22.757542 4.230299 26.015234
v -22.757542 4.230299 25.865236
v -34.757542 5.230296 25.865236
v -32.733940 5.230296 26.015234
v -34.757542 5.230296 26.015234
v -32.769348 5.230296 25.865236
v -30.733932 5.230296 25.015224
v -30.769341 5.230296 24.865227
v -26.781151 5.230296 25.015224
v -26.745743 5.230296 24.865227
v -24.781145 5.230296 26.015234
v -24.745737 5.230296 25.865236
v -22.757542 5.230296 26.015234
v -22.757542 5.230296 25.865236
v -32.733940 4.230299 26.015234
v -32.733940 5.230296 26.015234
v -30.733932 5.230296 25.015224
v -30.733932 4.230299 25.015224
v -22.757542 4.230299 25.865236
v -22.757542 5.230296 25.865236
v -24.745737 5.230296 25.865236
v -24.745737 4.230299 25.865236
v -34.757542 4.230299 26.015234
v -34.757542 5.230296 26.015234
v -32.733940 5.230296 26.015234
v -32.733940 4.230299 26.015234
v -30.733932 4.230299 25.015224
v -30.733932 5.230296 25.015224
v -26.781151 5.230296 25.015224
v -26.781151 4.230299 25.015224
v -34.757542 4.230299 25.865236
v -34.757542 5.230296 25.865236
v -34.757542 5.230296 26.015234
v -34.757542 4.230299 26.015234
v -24.745737 4.230299 25.865236
v -24.745737 5.230296 25.865236
v -26.745743 5.230296 24.865227
v -26.745743 4.230299 24.865227
v -30.769341 4.230299 24.865227
v -30.769341 5.230296 24.865227
v -32.769348 5.230296 25.865236
v -32.769348 4.230299 25.865236
v -24.781145 4.230299 26.015234
v -24.781145 5.230296 26.015234
v -22.757542 5.230296 26.015234
v -22.757542 4.230299 26.015234
v -32.769348 4.230299 25.865236
v -32.769348 5.230296 25.865236
v -34.757542 5.230296 25.865236
v -34.757542 4.230299 25.865236
v -26.745743 4.230299 24.865227
v -26.745743 5.230296 24.865227
v -30.769341 5.230296 24.865227
v -30.769341 4.230299 24.865227
v -26.781151 4.230299 25.015224
v -26.781151 5.230296 25.015224
v -24.781145 5.230296 26.015234
v -24.781145 4.230299 26.015234
v -22.757542 4.230299 26.015234
v -22.757542 5.230296 26.015234
v -22.757542 5.230296 25.865236
v -22.757542 4.230299 25.865236
v -22.757542 7.880303 25.115208
v -34.757542 7.880292 25.115208
v -34.757542 7.880292 25.915230
v -22.757542 7.880303 25.915230
v -22.757542 8.180299 25.115208
v -34.757542 8.180287 25.115208
v -34.757542 7.880292 25.115208
v -22.757542 7.880303 25.115208
v -34.757542 8.180287 25.915230
v -22.757542 8.180299 25.915230
v -22.757542 7.880303 25.915230
v -34.757542 7.880292 25.915230
v -22.457542 7.792829 24.727737
v -22.457542 4.230297 23.877571
v -22.457542 4.230297 24.727737
v -22.457542 7.792829 23.877571
v -22.395603 4.230298 23.130360
v -22.395603 7.792829 23.130360
v -22.214046 4.230298 22.304159
v -22.214046 7.792829 22.304161
v -21.923141 4.230298 21.448994
v -21.923141 7.792829 21.448990
v -21.544025 4.230298 20.629107
v -21.544025 7.792829 20.629108
v -21.106745 4.230298 19.907330
v -21.106745 7.792829 19.907330
v -20.792484 4.230298 19.525927
v -20.792484 7.792829 19.525927
v -20.933968 7.792829 19.384453
v -21.270176 4.230298 19.791109
v -20.933968 4.230298 19.384453
v -21.270176 7.792829 19.791111
v -21.720869 4.230298 20.535025
v -21.720869 7.792829 20.535025
v -22.109091 4.230298 21.374611
v -22.109091 7.792829 21.374611
v -22.406988 4.230298 22.250328
v -22.406988 7.792829 22.250328
v -22.593813 7.792829 23.100498
v -22.593813 4.230298 23.100498
v -22.657541 7.792829 23.869297
v -22.657541 4.230297 23.869297
v -22.657541 7.792829 24.727737
v -22.657541 4.230297 24.727737
usemtl material_0
f 1 2 3
f 1 3 4
f 4 3 5
f 4 5 6
f 6 5 7
f 6 7 8
f 8 7 9
f 8 9 10
f 10 9 11
f 10 11 12
f 12 11 13
f 12 13 14
f 14 13 15
f 14 15 16
f 17 18 19
f 17 19 20
f 20 19 21
f 20 21 22
f 22 21 23
f 22 23 24
f 24 23 25
f 24 25 26
f 25 27 26
f 25 28 27
f 28 29 27
f 28 30 29
f 31 29 30
f 31 30 32
usemtl material_1
f 33 34 35
f 33 35 36
usemtl material_2
f 37 38 39
f 37 39 40
f 41 42 43
f 41 44 42
f 45 44 41
f 45 46 44
f 47 46 45
f 47 48 46
usemtl material_1
f 49 50 51
f 49 51 52
f 53 49 52
f 53 52 54
f 55 53 54
f 55 54 56
f 57 58 59
f 57 60 58
f 61 60 57
f 61 62 60
f 63 62 61
f 63 64 62
usemtl material_2
f 65 66 67
f 67 68 65
f 67 69 68
f 69 70 68
f 69 71 70
f 71 72 70
f 71 73 72
f 73 74 72
f 73 75 74
f 75 76 74
f 75 77 76
f 77 78 76
f 77 79 78
f 79 80 78
f 81 82 83
f 83 84 81
f 83 85 84
f 85 86 84
f 85 87 86
f 87 88 86
f 87 89 88
f 89 90 88
f 89 91 90
f 91 92 90
f 91 93 92
f 93 94 92
f 93 95 94
f 95 96 94
f 97 98 99
f 97 100 98
f 101 137 138
f 101 102 137
f 103 102 101
f 103 104 102
f 105 104 103
f 105 106 104
f 139 106 105
f 139 140 106
f 109 108 107
f 109 110 108
f 111 110 109
f 111 112 110
f 113 114 115
f 113 116 114
f 135 116 113
f 135 136 116
f 119 118 117
f 119 120 118
f 121 120 119
f 121 122 120
f 123 122 121
f 123 124 122
f 133 124 123
f 133 134 124
f 127 126 125
f 127 128 126
f 129 128 127
f 129 130 128
f 131 130 129
f 131 132 130
f 141 142 143
f 143 144 141
f 143 145 144
f 145 146 144
f 145 147 146
f 147 148 146
f 147 149 148
f 149 150 148
f 149 151 150
f 151 152 150
f 151 153 152
f 153 154 152
f 153 155 154
f 155 156 154
f 157 158 159
f 159 160 157
f 159 161 160
f 161 162 160
f 161 163 162
f 163 164 162
f 163 165 164
f 165 166 164
f 165 167 166
f 167 168 166
f 167 169 168
f 169 170 168
f 169 171 170
f 171 172 170
f 173 174 175
f 173 176 174
f 177 213 214
f 177 178 213
f 179 178 177
f 179 180 178
f 181 180 179
f 181 182 180
f 215 182 181
f 215 216 182
f 185 184 183
f 185 186 184
f 187 186 185
f 187 188 186
f 189 190 191
f 189 192 190
f 211 192 189
f 211 212 192
f 195 194 193
f 195 196 194
f 197 196 195
f 197 198 196
f 199 198 197
f 199 200 198
f 209 200 199
f 209 210 200
f 203 202 201
f 203 204 202
f 205 204 203
f 205 206 204
f 207 206 205
f 207 208 206
usemtl material_3
f 217 218 219
f 220 221 222
f 220 222 223
f 224 225 226
f 224 226 227
f 227 226 228
f 227 228 229
f 229 228 230
f 231 229 230
f 232 233 234
f 232 234 235
f 236 237 238
f 236 238 239
f 240 241 242
f 240 242 243
f 244 245 246
f 244 246 247
f 248 249 250
f 248 250 251
f 252 253 254
f 252 255 253
f 255 252 256
f 253 255 257
f 255 256 257
f 253 257 258
f 259 257 256
f 259 258 257
f 260 261 262
f 260 262 263
usemtl material_4
f 264 265 266
f 264 267 265
f 268 267 264
f 268 269 267
f 270 269 268
f 268 271 270
f 268 272 271
f 270 273 269
f 273 274 269
f 273 275 274
f 276 274 275
f 276 275 277
f 278 276 277
f 278 277 279
f 280 281 282
f 280 282 283
f 283 282 284
f 283 284 285
f 286 285 284
f 286 284 287
f 288 705 704
f 288 704 289
f 290 288 289
f 290 289 291
f 292 293 294
f 292 294 295
f 295 294 706
f 295 706 707
f 297 296 298
f 297 298 299
f 299 298 300
f 299 300 301
f 301 300 302
f 301 302 303
f 304 305 306
f 304 306 307
f 304 307 308
f 304 308 309
f 310 304 309
f 309 311 310
f 312 310 311
f 312 311 313
f 314 312 313
f 314 313 315
f 316 317 318
f 318 319 316
f 319 320 316
f 319 321 320
f 319 322 321
f 319 323 322
f 318 324 319
f 318 325 324
f 325 326 324
f 325 327 326
f 328 329 330
f 328 330 331
f 328 331 332
f 333 328 332
f 332 334 333
f 335 333 334
f 335 334 336
f 337 335 336
f 337 336 338
f 339 337 338
f 339 338 340
f 341 339 340
f 341 340 342
f 341 342 343
f 343 344 341
f 342 345 343
f 342 346 345
f 342 347 346
f 348 349 350
f 348 350 351
f 352 348 351
f 352 351 353
f 354 352 353
f 352 354 355
f 352 355 356
f 354 353 357
f 357 353 358
f 357 358 359
f 358 360 359
f 358 361 360
f 361 362 360
f 361 363 362
f 364 365 366
f 364 367 365
f 367 368 365
f 367 369 368
f 368 369 370
f 368 370 371
f 371 370 372
f 373 371 372
f 373 372 374
f 375 373 374
f 375 374 376
f 377 375 376
f 377 376 378
f 378 379 377
f 380 379 378
f 380 378 381
f 381 382 380
f 381 383 382
f 383 384 382
f 383 385 384
f 386 387 388
f 386 389 387
f 710 389 386
f 710 711 389
f 392 391 390
f 392 393 391
f 394 722 723
f 394 395 722
f 396 395 394
f 396 397 395
f 398 399 400
f 398 400 401
f 402 398 401
f 402 401 403
f 404 405 406
f 404 406 407
f 407 406 408
f 407 408 409
f 410 411 412
f 410 413 411
f 413 414 411
f 413 415 414
f 415 416 414
f 415 417 416
f 418 416 417
f 418 419 416
f 420 419 418
f 420 421 419
f 422 423 424
f 422 425 423
f 426 425 422
f 426 427 425
f 428 427 426
f 428 429 427
f 430 429 428
f 430 431 429
f 432 431 430
f 432 433 431
f 434 435 436
f 434 436 437
f 437 436 716
f 437 716 717
f 439 438 440
f 439 440 441
f 718 719 442
f 718 442 443
f 443 442 444
f 443 444 445
f 446 447 448
f 446 449 447
f 720 449 446
f 720 721 449
f 452 451 450
f 452 453 451
f 454 712 713
f 454 455 712
f 456 455 454
f 456 457 455
f 458 459 460
f 458 460 461
f 461 460 724
f 461 724 725
f 463 462 464
f 463 464 465
f 714 715 466
f 714 466 467
f 467 466 468
f 467 468 469
f 470 471 472
f 470 472 473
f 474 475 476
f 474 476 477
f 478 479 480
f 478 480 481
f 482 483 484
f 482 485 483
f 485 482 486
f 485 486 487
f 487 486 488
f 487 488 489
f 488 490 489
f 488 491 490
f 491 492 490
f 491 493 492
f 494 495 496
f 494 497 495
f 497 498 495
f 497 499 498
f 498 499 500
f 498 500 501
f 500 502 501
f 503 502 500
f 504 502 503
f 505 502 504
f 506 502 505
f 506 507 502
f 508 507 506
f 508 506 509
f 509 510 508
f 509 511 510
f 511 512 510
f 511 513 512
f 514 515 516
f 514 517 515
f 517 518 515
f 517 519 518
f 520 518 519
f 520 519 521
f 522 520 521
f 522 521 523
f 523 524 522
f 523 525 524
f 526 527 528
f 526 529 527
f 530 529 526
f 530 531 529
f 532 531 530
f 532 533 531
f 534 728 729
f 534 535 728
f 536 535 534
f 536 537 535
f 538 537 536
f 538 539 537
f 730 539 538
f 730 731 539
f 542 541 540
f 542 543 541
f 544 543 542
f 544 545 543
f 546 545 544
f 546 547 545
f 548 549 550
f 548 550 551
f 726 727 552
f 726 552 553
f 553 552 554
f 553 554 555
f 732 733 556
f 732 556 557
f 557 556 558
f 557 558 559
f 559 558 560
f 559 560 561
f 561 560 734
f 561 734 735
f 563 562 564
f 563 564 565
f 565 564 566
f 565 566 567
f 567 566 568
f 567 568 569
f 570 571 572
f 570 573 571
f 574 573 570
f 574 575 573
f 576 575 574
f 576 577 575
f 578 736 737
f 578 579 736
f 580 579 578
f 580 581 579
f 582 581 580
f 582 583 581
f 738 583 582
f 738 739 583
f 586 585 584
f 586 587 585
f 588 587 586
f 588 589 587
f 590 708 709
f 590 591 708
f 592 593 594
f 592 594 595
f 595 594 596
f 595 596 597
f 597 596 598
f 597 598 599
f 740 741 600
f 740 600 601
f 601 600 602
f 601 602 603
f 603 602 604
f 603 604 605
f 605 604 742
f 605 742 743
f 607 606 608
f 607 608 609
f 609 608 610
f 609 610 611
f 611 610 612
f 611 612 613
f 614 615 616
f 614 616 617
f 617 616 618
f 617 618 619
f 620 621 622
f 620 623 621
f 624 623 620
f 624 625 623
f 626 627 628
f 626 628 629
f 629 628 630
f 629 630 631
f 632 633 634
f 632 635 633
f 636 635 632
f 636 637 635
f 638 639 640
f 638 640 641
f 642 703 644
f 642 644 645
f 744 745 746
f 645 644 647
f 646 648 643
f 645 647 649
f 650 648 646
f 649 647 651
f 650 652 648
f 649 651 653
f 654 652 650
f 653 651 655
f 654 656 652
f 653 655 657
f 658 656 654
f 657 655 659
f 658 660 656
f 657 659 661
f 662 660 658
f 661 659 663
f 662 664 660
f 661 663 665
f 666 664 662
f 665 663 667
f 666 668 664
f 665 667 669
f 670 668 666
f 669 667 671
f 670 672 668
f 669 671 673
f 674 672 670
f 673 671 675
f 674 676 672
f 673 675 677
f 678 676 674
f 677 675 679
f 678 680 676
f 677 679 681
f 682 680 678
f 681 679 683
f 682 684 680
f 681 683 685
f 686 684 682
f 685 683 687
f 686 688 684
f 685 687 689
f 690 688 686
f 689 687 691
f 690 692 688
f 689 691 693
f 694 692 690
f 693 691 695
f 694 696 692
f 693 695 697
f 698 696 694
f 697 695 702
f 698 700 696
f 747 748 749
f 701 700 698
f 701 699 700
usemtl material_3
f 750 751 752
f 750 753 751
f 750 754 753
f 750 755 754
f 756 753 754
f 756 757 753
f 758 757 756
f 758 759 757
f 759 760 757
f 759 761 760
usemtl material_2
f 762 763 764
f 762 764 765
f 766 767 768
f 766 768 769
f 770 771 772
f 770 772 773
f 774 775 776
f 774 776 777
f 778 779 780
f 778 780 781
f 782 783 784
f 782 784 785
f 786 787 788
f 786 788 789
f 790 791 792
f 790 792 793
f 794 795 796
f 794 796 797
f 798 799 800
f 798 800 801
usemtl material_3
f 802 803 804
f 802 804 805
f 806 807 808
f 806 808 809
f 810 811 812
f 812 813 810
f 813 814 810
f 815 814 813
f 814 816 810
f 814 817 816
f 814 818 817
f 814 819 818
f 814 820 819
f 814 821 820
f 822 823 824
f 822 825 823
f 823 825 826
usemtl material_2
f 827 828 829
f 830 831 832
f 833 834 835
f 833 836 834
f 837 836 833
f 836 838 834
f 837 839 836
f 840 839 837
f 840 841 839
f 836 842 838
f 839 842 836
f 842 843 838
f 841 844 839
f 839 844 842
f 841 845 844
f 842 846 843
f 844 846 842
f 846 847 843
f 845 848 844
f 844 848 846
f 845 849 848
f 846 850 847
f 848 850 846
f 850 851 847
f 849 852 848
f 848 852 850
f 849 853 852
f 850 854 851
f 852 854 850
f 854 855 851
f 853 856 852
f 852 856 854
f 853 857 856
f 854 858 855
f 856 858 854
f 858 859 855
f 858 860 859
f 857 861 856
f 856 861 858
f 861 860 858
f 857 862 861
f 861 863 860
f 862 863 861
f 862 864 863
f 865 866 867
f 865 867 868
f 869 865 868
f 869 868 870
f 871 865 869
f 872 869 870
f 872 870 873
f 871 869 874
f 874 869 872
f 875 872 873
f 875 873 876
f 877 872 875
f 874 872 877
f 877 875 878
f 879 877 878
f 879 880 877
f 880 874 877
f 880 881 874
f 881 871 874
f 881 882 871
f 882 883 871
f 882 884 883
f 899 886 900
f 885 887 888
f 889 890 891
f 889 891 892
f 893 894 895
f 897 898 896
usemtl material_5
f 901 902 903
f 901 904 902
f 904 905 902
f 904 906 905
f 907 908 909
f 907 910 908
f 911 908 910
f 908 911 912
f 911 910 913
f 913 910 914
f 911 913 915
f 926 927 928
f 915 913 917
f 925 918 916
f 925 919 918
f 915 917 920
f 915 920 921
f 915 921 922
f 915 922 923
f 915 923 924
usemtl material_1
f 929 930 931
f 932 931 930
f 932 933 931
f 932 934 933
f 935 936 937
f 938 936 935
f 938 935 939
f 938 939 940
usemtl material_2
f 941 942 943
f 941 943 944
f 945 946 947
f 945 948 946
f 949 948 945
f 949 945 950
f 949 950 951
f 949 951 952
f 953 954 955
f 953 955 956
f 957 958 959
f 957 959 960
f 961 962 963
f 961 963 964
f 965 966 967
f 965 967 968
usemtl material_4
f 969 970 971
f 969 971 972
f 973 974 975
f 973 975 976
f 977 978 979
f 977 979 980
f 981 982 983
f 981 983 984
f 985 986 987
f 985 987 988
f 989 990 991
f 989 991 992
f 993 994 995
f 993 995 996
f 997 998 999
f 997 999 1000
f 1001 1002 1003
f 1001 1003 1004
f 1005 1006 1007
f 1005 1007 1008
f 1009 1010 1011
f 1009 1011 1012
f 1013 1014 1015
f 1013 1015 1016
f 1017 1018 1019
f 1017 1019 1020
f 1021 1022 1023
f 1021 1023 1024
f 1025 1026 1027
f 1025 1027 1028
f 1029 1030 1031
f 1029 1031 1032
f 1033 1034 1035
f 1033 1035 1036
f 1037 1038 1039
f 1037 1039 1040
f 1041 1042 1043
f 1041 1043 1044
f 1045 1046 1047
f 1045 1047 1048
f 1049 1050 1051
f 1049 1051 1052
f 1053 1054 1055
f 1053 1055 1056
f 1057 1058 1059
f 1057 1059 1060
f 1061 1062 1063
f 1061 1063 1064
f 1065 1066 1067
f 1065 1067 1068
f 1069 1070 1071
f 1069 1071 1072
f 1073 1074 1075
f 1073 1075 1076
f 1077 1078 1079
f 1077 1079 1080
f 1081 1082 1083
f 1081 1083 1084
f 1085 1086 1087
f 1085 1087 1088
f 1089 1090 1091
f 1089 1091 1092
f 1093 1094 1095
f 1093 1095 1096
f 1097 1098 1099
f 1097 1099 1100
f 1101 1102 1103
f 1101 1103 1104
f 1105 1106 1107
f 1105 1107 1108
f 1109 1110 1111
f 1109 1111 1112
f 1113 1114 1115
f 1113 1115 1116
f 1117 1118 1119
f 1117 1119 1120
f 1121 1122 1123
f 1121 1123 1124
f 1125 1126 1127
f 1125 1127 1128
f 1129 1130 1131
f 1129 1131 1132
f 1133 1134 1135
f 1133 1135 1136
f 1137 1138 1139
f 1137 1139 1140
f 1141 1142 1143
f 1141 1143 1144
f 1145 1146 1147
f 1145 1147 1148
f 1149 1150 1151
f 1149 1151 1152
f 1153 1154 1155
f 1153 1155 1156
f 1157 1158 1159
f 1157 1159 1160
f 1161 1162 1163
f 1161 1163 1164
f 1165 1166 1167
f 1165 1167 1168
f 1169 1170 1171
f 1169 1171 1172
f 1173 1174 1175
f 1173 1175 1176
f 1177 1178 1179
f 1177 1179 1180
f 1181 1182 1183
f 1181 1183 1184
f 1185 1186 1187
f 1185 1187 1188
f 1189 1190 1191
f 1189 1191 1192
f 1193 1194 1195
f 1193 1195 1196
f 1197 1198 1199
f 1197 1199 1200
f 1201 1202 1203
f 1201 1203 1204
f 1205 1206 1207
f 1205 1207 1208
f 1209 1210 1211
f 1209 1211 1212
f 1213 1214 1215
f 1213 1215 1216
f 1217 1218 1219
f 1217 1219 1220
f 1221 1222 1223
f 1221 1223 1224
f 1225 1226 1227
f 1225 1227 1228
f 1229 1230 1231
f 1229 1231 1232
f 1233 1234 1235
f 1233 1235 1236
f 1237 1238 1239
f 1237 1239 1240
f 1241 1242 1243
f 1241 1243 1244
f 1245 1246 1247
f 1245 1247 1248
f 1249 1250 1251
f 1249 1251 1252
f 1253 1254 1255
f 1253 1255 1256
f 1257 1258 1259
f 1257 1259 1260
f 1261 1262 1263
f 1261 1263 1264
f 1265 1266 1267
f 1265 1267 1268
f 1269 1270 1271
f 1269 1271 1272
f 1273 1274 1275
f 1273 1275 1276
f 1277 1278 1279
f 1277 1279 1280
f 1281 1282 1283
f 1281 1283 1284
f 1285 1286 1287
f 1285 1287 1288
f 1289 1290 1291
f 1289 1291 1292
f 1293 1294 1295
f 1293 1295 1296
f 1297 1298 1299
f 1297 1299 1300
f 1301 1302 1303
f 1301 1303 1304
f 1305 1306 1307
f 1305 1307 1308
f 1309 1310 1311
f 1309 1311 1312
f 1313 1314 1315
f 1313 1315 1316
f 1317 1318 1319
f 1317 1319 1320
f 1321 1322 1323
f 1321 1323 1324
f 1325 1326 1327
f 1325 1327 1328
f 1329 1330 1331
f 1329 1331 1332
f 1333 1334 1335
f 1333 1335 1336
f 1337 1338 1339
f 1337 1339 1340
f 1341 1342 1343
f 1341 1343 1344
f 1345 1346 1347
f 1345 1347 1348
f 1349 1350 1351
f 1349 1351 1352
f 1353 1354 1355
f 1353 1355 1356
f 1357 1358 1359
f 1357 1359 1360
f 1361 1362 1363
f 1361 1363 1364
f 1365 1366 1367
f 1365 1367 1368
f 1369 1370 1371
f 1369 1371 1372
f 1373 1374 1375
f 1373 1375 1376
f 1377 1378 1379
f 1377 1379 1380
f 1381 1382 1383
f 1381 1383 1384
f 1385 1386 1387
f 1385 1387 1388
f 1389 1390 1391
f 1389 1391 1392
f 1393 1394 1395
f 1393 1395 1396
f 1397 1398 1399
f 1397 1399 1400
f 1401 1402 1403
f 1401 1403 1404
f 1405 1406 1407
f 1405 1407 1408
f 1409 1410 1411
f 1409 1411 1412
f 1413 1414 1415
f 1413 1415 1416
f 1417 1418 1419
f 1417 1419 1420
f 1421 1422 1423
f 1421 1423 1424
f 1425 1426 1427
f 1425 1427 1428
f 1429 1430 1431
f 1429 1431 1432
f 1433 1434 1435
f 1433 1435 1436
f 1437 1438 1439
f 1437 1439 1440
f 1441 1442 1443
f 1441 1443 1444
f 1445 1446 1447
f 1445 1447 1448
f 1449 1450 1451
f 1449 1451 1452
f 1453 1454 1455
f 1453 1455 1456
f 1457 1458 1459
f 1457 1459 1460
f 1461 1462 1463
f 1461 1463 1464
f 1465 1466 1467
f 1465 1467 1468
f 1469 1470 1471
f 1469 1471 1472
f 1473 1474 1475
f 1473 1475 1476
f 1477 1478 1479
f 1477 1479 1480
f 1481 1482 1483
f 1481 1483 1484
f 1485 1486 1487
f 1485 1487 1488
f 1489 1490 1491
f 1489 1491 1492
f 1493 1494 1495
f 1493 1495 1496
f 1497 1498 1499
f 1497 1499 1500
f 1501 1502 1503
f 1501 1503 1504
f 1505 1506 1507
f 1505 1507 1508
f 1509 1510 1511
f 1509 1511 1512
f 1513 1514 1515
f 1513 1515 1516
f 1517 1518 1519
f 1517 1519 1520
f 1521 1522 1523
f 1521 1523 1524
f 1525 1526 1527
f 1525 1527 1528
f 1529 1530 1531
f 1529 1531 1532
f 1533 1534 1535
f 1533 1535 1536
f 1537 1538 1539
f 1537 1539 1540
f 1541 1542 1543
f 1541 1543 1544
f 1545 1546 1547
f 1545 1547 1548
f 1549 1550 1551
f 1549 1551 1552
f 1553 1554 1555
f 1553 1555 1556
f 1557 1558 1559
f 1557 1559 1560
f 1561 1562 1563
f 1561 1563 1564
f 1565 1566 1567
f 1565 1567 1568
f 1569 1570 1571
f 1569 1571 1572
f 1573 1574 1575
f 1573 1575 1576
f 1577 1578 1579
f 1577 1579 1580
f 1581 1582 1583
f 1581 1583 1584
f 1585 1586 1587
f 1585 1587 1588
f 1589 1590 1591
f 1589 1591 1592
f 1593 1594 1595
f 1593 1595 1596
f 1597 1598 1599
f 1597 1599 1600
f 1601 1602 1603
f 1601 1603 1604
f 1605 1606 1607
f 1605 1607 1608
usemtl material_6
f 1609 1610 1611
f 1611 1612 1613
f 1611 1613 1614
f 1614 1613 1615
f 1616 1617 1618
f 1619 1620 1617
f 1619 1621 1620
f 1622 1621 1619
f 1623 1624 1625
f 1623 1625 1626
f 2317 1623 1626
f 2317 1626 2318
f 1629 1627 1628
f 1629 1628 1630
f 2309 1631 2310
f 2309 1632 1631
f 1633 1634 1635
f 1633 1636 1634
f 2329 1637 2330
f 2329 1638 1637
f 1638 2340 1637
f 1638 2339 2340
f 1641 1639 1640
f 1641 1640 1642
f 1643 1644 1645
f 1643 1645 1646
f 1647 2359 2360
f 1647 2360 1648
f 1648 2365 1647
f 1648 2366 2365
f 1651 1649 1650
f 1651 1650 1652
f 1653 1654 1655
f 1653 1655 1656
f 2369 2371 2372
f 2369 2370 2371
f 2367 1657 1658
f 2367 1658 2368
f 1661 1659 1660
f 1661 1660 1662
f 1663 1664 1665
f 1663 1665 1666
f 1667 2385 2386
f 1667 1668 2385
f 2387 2388 2389
f 2387 2390 2388
f 1671 1670 1669
f 1671 1672 1670
f 1673 1674 1675
f 1673 1675 1676
f 2391 1677 2392
f 2391 1678 1677
f 2393 2394 2395
f 2393 2395 2396
f 1681 1679 1680
f 1681 1680 1682
f 1683 1684 1685
f 1683 1685 1686
f 2397 2398 1687
f 2397 1687 1688
f 2399 2400 2401
f 2399 2401 2402
f 1690 1689 1691
f 1690 1691 1692
f 2407 1694 1695
f 2407 2408 1694
f 1693 2406 1696
f 1693 2405 2406
f 1698 1699 1697
f 1698 1700 1699
f 2403 1701 2404
f 2403 1702 1701
f 1703 1704 1705
f 1703 1706 1704
f 2411 2413 2414
f 2411 2412 2413
f 1707 1708 2409
f 1707 2409 2410
f 1710 1709 1711
f 1710 1711 1712
f 1713 1714 1715
f 1713 1716 1714
f 2417 2419 2420
f 2417 2418 2419
f 1718 2416 1717
f 1718 2415 2416
f 1721 1719 1720
f 1721 1722 1719
f 1723 1724 1725
f 1723 1725 1726
f 2421 2422 1727
f 2421 1727 1728
f 2423 2424 2425
f 2423 2425 2426
f 1731 1729 1730
f 1731 1730 1732
f 2431 1734 1735
f 2431 1735 2432
f 1733 1736 1737
f 1733 1737 1738
f 2427 2428 2429
f 2427 2429 2430
f 1741 1739 1740
f 1741 1740 1742
f 1743 1744 1745
f 1743 1745 1746
f 1747 2433 2434
f 1747 1748 2433
f 2435 2436 2437
f 2435 2438 2436
f 1751 1750 1749
f 1751 1749 1752
f 1753 1754 1755
f 1753 1756 1754
f 2441 2443 2444
f 2441 2442 2443
f 1758 2440 1757
f 1758 2439 2440
f 1761 1759 1760
f 1761 1762 1759
f 1763 1764 1765
f 1763 1765 1766
f 2445 1767 2446
f 2445 1768 1767
f 2447 2448 2449
f 2447 2449 2450
f 1771 1769 1770
f 1771 1770 1772
f 1773 1774 1775
f 1773 1775 1776
f 1777 2451 2452
f 1777 1778 2451
f 2453 2454 2455
f 2453 2456 2454
f 1781 1780 1779
f 1781 1782 1780
f 1783 1784 1785
f 1783 1786 1784
f 2459 2462 2460
f 2459 2460 2461
f 1788 1787 2457
f 1788 2457 2458
f 1790 1789 1791
f 1790 1791 1792
f 1793 1794 1795
f 1793 1796 1794
f 2465 2468 2466
f 2465 2466 2467
f 1797 2464 1798
f 1797 2463 2464
f 1799 1800 1801
f 1799 1801 1802
f 1803 1804 1805
f 1803 1806 1804
f 2471 2473 2474
f 2471 2472 2473
f 2469 1808 1807
f 2469 1807 2470
f 1811 1809 1810
f 1811 1810 1812
f 1813 1814 1815
f 1813 1815 1816
f 1817 2475 2476
f 1817 1818 2475
f 2477 2478 2479
f 2477 2480 2478
f 1821 1820 1819
f 1821 1819 1822
f 1823 1824 1825
f 1823 1825 1826
f 2325 2326 2327
f 2325 2327 2328
f 1829 1827 1828
f 1829 1828 1830
f 2323 1831 2324
f 2323 1832 1831
f 1833 1834 1835
f 1833 1836 1834
f 2347 2348 2349
f 2347 2350 2348
f 1838 1839 1837
f 1838 1840 1839
f 1841 2346 2345
f 1841 2345 1842
f 2351 1844 1845
f 2351 1845 2352
f 1847 1843 1846
f 1847 1846 1848
f 2361 2363 2364
f 2361 2362 2363
f 1851 1849 1850
f 1851 1850 1852
f 1853 1854 1855
f 1853 1855 1856
f 1857 1858 1859
f 1857 1859 1860
f 1861 1862 1863
f 1861 1863 1864
f 1865 1866 1867
f 1865 1867 1868
f 1869 1870 1871
f 1869 1871 1872
f 2373 2375 2376
f 2373 2374 2375
f 1875 1873 1874
f 1875 1874 1876
f 1877 2378 2377
f 1877 2377 1878
f 1879 1880 1881
f 1879 1881 1882
f 2481 2482 2483
f 2481 2484 2482
f 1885 1884 1883
f 1885 1886 1884
f 1887 2485 2486
f 1887 1888 2485
f 1889 1890 1891
f 1889 1891 1892
f 2489 2490 2491
f 2489 2492 2490
f 2487 1893 1894
f 2487 1894 2488
f 1897 1895 1896
f 1897 1896 1898
f 1899 1900 1901
f 1899 1901 1902
f 2495 2496 2497
f 2495 2497 2498
f 1904 1903 1905
f 1904 1905 1906
f 2493 2494 1907
f 2493 1907 1908
f 2503 1910 1911
f 2503 2504 1910
f 1909 2502 1912
f 1909 2501 2502
f 1914 1915 1913
f 1914 1916 1915
f 2499 1917 2500
f 2499 1918 1917
f 1919 1920 1921
f 1919 1922 1920
f 2507 2509 2510
f 2507 2508 2509
f 1923 1924 2505
f 1923 2505 2506
f 1926 1925 1927
f 1926 1927 1928
f 1929 1930 1931
f 1929 1932 1930
f 2513 2515 2516
f 2513 2514 2515
f 1934 1935 1933
f 1934 1936 1935
f 1937 2511 2512
f 1937 1938 2511
f 1939 1940 1941
f 1939 1941 1942
f 2517 2518 1943
f 2517 1943 1944
f 2519 2520 2521
f 2519 2521 2522
f 1947 1945 1946
f 1947 1946 1948
f 2527 1950 1951
f 2527 1951 2528
f 1949 1952 1953
f 1949 1953 1954
f 2523 2524 2525
f 2523 2525 2526
f 1957 1955 1956
f 1957 1956 1958
f 1959 1960 1961
f 1959 1961 1962
f 2531 2532 2533
f 2531 2534 2532
f 1965 1964 1963
f 1965 1966 1964
f 1967 2530 2529
f 1967 2529 1968
f 1969 1970 1971
f 1969 1972 1970
f 2537 2539 2540
f 2537 2538 2539
f 1974 1975 1973
f 1974 1976 1975
f 1977 2535 2536
f 1977 1978 2535
f 1979 1980 1981
f 1979 1981 1982
f 2541 1983 2542
f 2541 1984 1983
f 2543 2544 2545
f 2543 2545 2546
f 1987 1985 1986
f 1987 1986 1988
f 1989 1990 1991
f 1989 1991 1992
f 2549 2550 2551
f 2549 2552 2550
f 2547 1994 1993
f 2547 2548 1994
f 1997 1996 1995
f 1997 1998 1996
f 1999 2000 2001
f 1999 2002 2000
f 2555 2558 2556
f 2555 2556 2557
f 2004 2003 2553
f 2004 2553 2554
f 2006 2005 2007
f 2006 2007 2008
f 2009 2563 2011
f 2009 2564 2563
f 2010 2012 2013
f 2010 2013 2014
f 2559 2561 2562
f 2559 2560 2561
f 2015 2016 2017
f 2015 2017 2018
f 2019 2020 2021
f 2019 2022 2020
f 2023 2565 2566
f 2023 2024 2565
f 2567 2570 2568
f 2567 2568 2569
f 2027 2025 2026
f 2027 2026 2028
f 2029 2030 2031
f 2029 2031 2032
f 2571 2572 2573
f 2571 2574 2572
f 2035 2034 2033
f 2035 2036 2034
f 2037 2576 2575
f 2037 2575 2038
f 2039 2040 2307
f 2039 2307 2308
f 2042 2041 2043
f 2042 2043 2044
f 2315 2316 2045
f 2315 2045 2046
f 2046 2045 2047
f 2046 2047 2048
f 2049 2050 2051
f 2049 2051 2052
f 2321 2049 2052
f 2321 2052 2322
f 2055 2053 2054
f 2055 2054 2056
f 2313 2057 2314
f 2313 2058 2057
f 2059 2060 2061
f 2059 2062 2060
f 2335 2063 2336
f 2335 2064 2063
f 2064 2344 2063
f 2064 2343 2344
f 2067 2065 2066
f 2067 2066 2068
f 2069 2070 2071
f 2069 2071 2072
f 2355 2358 2356
f 2355 2356 2357
f 2074 2353 2073
f 2074 2354 2353
f 2077 2075 2076
f 2077 2076 2078
f 2079 2080 2081
f 2079 2081 2082
f 2379 2083 2380
f 2379 2084 2083
f 2381 2384 2382
f 2381 2382 2383
f 2087 2085 2086
f 2087 2086 2088
f 2089 2090 2091
f 2089 2091 2092
f 2579 2580 2581
f 2579 2582 2580
f 2095 2094 2093
f 2095 2096 2094
f 2097 2577 2578
f 2097 2098 2577
f 2099 2100 2101
f 2099 2101 2102
f 2585 2586 2587
f 2585 2588 2586
f 2583 2103 2104
f 2583 2104 2584
f 2107 2105 2106
f 2107 2106 2108
f 2109 2110 2111
f 2109 2111 2112
f 2591 2592 2593
f 2591 2593 2594
f 2114 2113 2589
f 2114 2589 2590
f 2116 2115 2117
f 2116 2117 2118
f 2595 2120 2121
f 2595 2596 2120
f 2119 2123 2122
f 2119 2124 2123
f 2597 2599 2600
f 2597 2598 2599
f 2126 2127 2125
f 2126 2128 2127
f 2129 2130 2131
f 2129 2132 2130
f 2601 2133 2602
f 2601 2134 2133
f 2603 2604 2135
f 2603 2135 2136
f 2605 2606 2137
f 2605 2137 2138
f 2139 2140 2141
f 2139 2142 2140
f 2607 2609 2610
f 2607 2608 2609
f 2144 2145 2143
f 2144 2146 2145
f 2147 2611 2612
f 2147 2148 2611
f 2149 2150 2151
f 2149 2151 2152
f 2615 2616 2617
f 2615 2617 2618
f 2155 2154 2153
f 2155 2153 2156
f 2157 2614 2613
f 2157 2613 2158
f 2619 2160 2161
f 2619 2161 2620
f 2159 2162 2163
f 2159 2163 2164
f 2621 2622 2623
f 2621 2623 2624
f 2167 2165 2166
f 2167 2166 2168
f 2169 2170 2171
f 2169 2171 2172
f 2625 2626 2627
f 2625 2628 2626
f 2175 2174 2173
f 2175 2176 2174
f 2177 2630 2629
f 2177 2629 2178
f 2179 2180 2181
f 2179 2182 2180
f 2633 2635 2636
f 2633 2634 2635
f 2184 2632 2183
f 2184 2631 2632
f 2187 2185 2186
f 2187 2188 2185
f 2641 2190 2191
f 2641 2191 2642
f 2192 2193 2189
f 2192 2194 2193
f 2637 2638 2639
f 2637 2639 2640
f 2197 2195 2196
f 2197 2196 2198
f 2199 2200 2201
f 2199 2201 2202
f 2645 2646 2647
f 2645 2648 2646
f 2205 2204 2203
f 2205 2206 2204
f 2207 2643 2644
f 2207 2208 2643
f 2209 2210 2211
f 2209 2212 2210
f 2649 2652 2650
f 2649 2650 2651
f 2214 2213 2215
f 2214 2215 2216
f 2653 2654 2217
f 2653 2217 2218
f 2219 2655 2221
f 2219 2656 2655
f 2220 2222 2223
f 2220 2223 2224
f 2657 2659 2660
f 2657 2658 2659
f 2225 2226 2227
f 2225 2227 2228
f 2665 2230 2231
f 2665 2666 2230
f 2233 2232 2229
f 2233 2234 2232
f 2661 2664 2662
f 2661 2662 2663
f 2237 2235 2236
f 2237 2236 2238
f 2239 2240 2241
f 2239 2241 2242
f 2667 2668 2669
f 2667 2670 2668
f 2245 2244 2243
f 2245 2246 2244
f 2247 2672 2671
f 2247 2671 2248
f 2249 2250 2251
f 2249 2251 2252
f 2253 2254 2255
f 2253 2255 2256
f 2257 2258 2259
f 2257 2259 2260
f 2261 2262 2263
f 2261 2263 2264
f 2265 2266 2267
f 2265 2268 2266
f 2269 2337 2338
f 2269 2270 2337
f 2331 2270 2269
f 2331 2332 2270
f 2273 2272 2271
f 2273 2274 2272
f 2275 2276 2277
f 2277 2276 2278
f 2277 2278 2279
f 2279 2278 2280
f 2281 2282 2283
f 2281 2284 2282
f 2285 2333 2334
f 2285 2286 2333
f 2341 2286 2285
f 2341 2342 2286
f 2289 2288 2287
f 2289 2290 2288
f 2311 2292 2293
f 2311 2312 2292
f 2295 2294 2291
f 2295 2296 2294
f 2297 2319 2320
f 2297 2298 2319
f 2299 2298 2297
f 2299 2300 2298
f 2301 2302 2303
f 2303 2302 2304
f 2303 2304 2305
f 2305 2304 2306
f 3305 2674 2675
f 3305 2675 3306
f 2677 2673 2676
f 2677 2676 2678
f 3311 3312 3313
f 3311 3313 3314
f 2680 2681 2679
f 2680 2682 2681
f 2683 3323 2685
f 2683 3326 3323
f 2686 2687 2684
f 2686 2688 2687
f 3331 2689 3332
f 3331 2690 2689
f 2691 3338 3335
f 2691 3335 2692
f 2693 2694 2695
f 2693 2695 2696
f 2697 3341 3342
f 2697 3342 2698
f 3347 3348 3349
f 3347 3354 3348
f 2701 2699 2700
f 2701 2700 2702
f 3371 2704 2705
f 3371 2705 3372
f 2706 2707 2703
f 2706 2708 2707
f 3363 3364 3365
f 3363 3365 3366
f 2711 2709 2710
f 2711 2710 2712
f 2713 2714 2715
f 2713 2715 2716
f 2717 3377 3378
f 2717 2718 3377
f 3379 3380 3381
f 3379 3382 3380
f 2721 2720 2719
f 2721 2722 2720
f 2723 2724 2725
f 2723 2725 2726
f 3383 2727 3384
f 3383 2728 2727
f 3385 3386 3387
f 3385 3387 3388
f 2731 2729 2730
f 2731 2730 2732
f 2733 2734 2735
f 2733 2735 2736
f 3389 3390 2737
f 3389 2737 2738
f 3391 3392 3393
f 3391 3393 3394
f 2740 2739 2741
f 2740 2741 2742
f 3395 2744 2745
f 3395 3396 2744
f 2743 2747 2746
f 2743 2748 2747
f 3397 3399 3400
f 3397 3398 3399
f 2750 2751 2749
f 2750 2752 2751
f 2753 2754 2755
f 2753 2756 2754
f 3403 3405 3406
f 3403 3404 3405
f 2757 2758 3401
f 2757 3401 3402
f 2760 2759 2761
f 2760 2761 2762
f 2763 2764 2765
f 2763 2766 2764
f 3409 3411 3412
f 3409 3410 3411
f 2768 3408 2767
f 2768 3407 3408
f 2771 2769 2770
f 2771 2772 2769
f 2773 2774 2775
f 2773 2775 2776
f 3413 3414 2777
f 3413 2777 2778
f 3415 3416 3417
f 3415 3417 3418
f 2781 2779 2780
f 2781 2780 2782
f 3419 2784 2785
f 3419 2785 3420
f 2783 2786 2787
f 2783 2787 2788
f 3421 3422 3423
f 3421 3423 3424
f 2791 2789 2790
f 2791 2790 2792
f 2793 2794 2795
f 2793 2795 2796
f 2797 3425 3426
f 2797 2798 3425
f 3427 3428 3429
f 3427 3430 3428
f 2801 2800 2799
f 2801 2799 2802
f 2803 2804 2805
f 2803 2806 2804
f 3433 3435 3436
f 3433 3434 3435
f 2808 3432 2807
f 2808 3431 3432
f 2811 2809 2810
f 2811 2812 2809
f 2813 2814 2815
f 2813 2815 2816
f 3437 2817 3438
f 3437 2818 2817
f 3439 3440 3441
f 3439 3441 3442
f 2821 2819 2820
f 2821 2820 2822
f 2823 2824 2825
f 2823 2825 2826
f 2827 3443 3444
f 2827 2828 3443
f 3445 3446 3447
f 3445 3448 3446
f 2831 2830 2829
f 2831 2832 2830
f 2833 2834 2835
f 2833 2836 2834
f 3451 3454 3452
f 3451 3452 3453
f 2838 2837 3449
f 2838 3449 3450
f 2840 2839 2841
f 2840 2841 2842
f 2843 2844 2845
f 2843 2846 2844
f 3457 3460 3458
f 3457 3458 3459
f 2847 3456 2848
f 2847 3455 3456
f 2849 2850 2851
f 2849 2851 2852
f 2853 2854 2855
f 2853 2856 2854
f 3463 3465 3466
f 3463 3464 3465
f 3461 2858 2857
f 3461 2857 3462
f 2861 2859 2860
f 2861 2860 2862
f 2863 2864 2865
f 2863 2865 2866
f 2867 3467 3468
f 2867 2868 3467
f 3469 3470 3471
f 3469 3472 3470
f 2871 2870 2869
f 2871 2869 2872
f 3309 2874 2875
f 3309 2875 3310
f 2877 2873 2876
f 2877 2876 2878
f 3319 3322 3320
f 3319 3320 3321
f 2880 2881 2879
f 2880 2882 2881
f 2883 3327 2885
f 2883 3328 3327
f 2886 2887 2884
f 2886 2888 2887
f 3329 2889 3330
f 3329 2890 2889
f 2891 3336 3337
f 2891 3337 2892
f 2893 2894 2895
f 2893 2895 2896
f 2897 3346 3345
f 2897 3345 2898
f 3350 3352 3353
f 3350 3351 3352
f 2901 2899 2900
f 2901 2900 2902
f 3375 2904 2905
f 3375 2905 3376
f 2906 2907 2903
f 2906 2908 2907
f 3359 3360 3361
f 3359 3361 3362
f 2911 2909 2910
f 2911 2910 2912
f 2913 2914 2915
f 2913 2915 2916
f 2917 3473 3474
f 2917 2918 3473
f 3475 3476 3477
f 3475 3478 3476
f 2921 2920 2919
f 2921 2922 2920
f 2923 2924 2925
f 2923 2925 2926
f 3479 2927 3480
f 3479 2928 2927
f 3481 3482 3483
f 3481 3483 3484
f 2931 2929 2930
f 2931 2930 2932
f 2933 2934 2935
f 2933 2935 2936
f 3485 3486 2937
f 3485 2937 2938
f 3487 3488 3489
f 3487 3489 3490
f 2940 2939 2941
f 2940 2941 2942
f 3491 2944 2945
f 3491 3492 2944
f 2943 2947 2946
f 2943 2948 2947
f 3493 3495 3496
f 3493 3494 3495
f 2950 2951 2949
f 2950 2952 2951
f 2953 2954 2955
f 2953 2956 2954
f 3499 3501 3502
f 3499 3500 3501
f 2957 2958 3497
f 2957 3497 3498
f 2960 2959 2961
f 2960 2961 2962
f 2963 2964 2965
f 2963 2966 2964
f 3505 3507 3508
f 3505 3506 3507
f 2968 3504 2967
f 2968 3503 3504
f 2971 2969 2970
f 2971 2972 2969
f 2973 2974 2975
f 2973 2975 2976
f 3509 3510 2977
f 3509 2977 2978
f 3511 3512 3513
f 3511 3513 3514
f 2981 2979 2980
f 2981 2980 2982
f 3519 2984 2985
f 3519 2985 3520
f 2983 2986 2987
f 2983 2987 2988
f 3515 3516 3517
f 3515 3517 3518
f 2991 2989 2990
f 2991 2990 2992
f 2993 2994 2995
f 2993 2995 2996
f 2997 3521 3522
f 2997 2998 3521
f 3523 3524 3525
f 3523 3526 3524
f 3001 3000 2999
f 3001 2999 3002
f 3003 3004 3005
f 3003 3006 3004
f 3529 3531 3532
f 3529 3530 3531
f 3008 3528 3007
f 3008 3527 3528
f 3011 3009 3010
f 3011 3012 3009
f 3013 3014 3015
f 3013 3015 3016
f 3533 3017 3534
f 3533 3018 3017
f 3535 3536 3537
f 3535 3537 3538
f 3021 3019 3020
f 3021 3020 3022
f 3023 3024 3025
f 3023 3025 3026
f 3027 3539 3540
f 3027 3028 3539
f 3541 3542 3543
f 3541 3544 3542
f 3031 3030 3029
f 3031 3032 3030
f 3033 3034 3035
f 3033 3036 3034
f 3547 3550 3548
f 3547 3548 3549
f 3038 3037 3545
f 3038 3545 3546
f 3040 3039 3041
f 3040 3041 3042
f 3043 3044 3045
f 3043 3046 3044
f 3553 3556 3554
f 3553 3554 3555
f 3047 3552 3048
f 3047 3551 3552
f 3049 3050 3051
f 3049 3051 3052
f 3053 3054 3055
f 3053 3056 3054
f 3559 3561 3562
f 3559 3560 3561
f 3557 3058 3057
f 3557 3057 3558
f 3061 3059 3060
f 3061 3060 3062
f 3063 3064 3065
f 3063 3065 3066
f 3067 3563 3564
f 3067 3068 3563
f 3565 3566 3567
f 3565 3568 3566
f 3071 3070 3069
f 3071 3069 3072
f 3307 3074 3075
f 3307 3075 3308
f 3077 3073 3076
f 3077 3076 3078
f 3315 3316 3317
f 3315 3317 3318
f 3080 3081 3079
f 3080 3082 3081
f 3083 3325 3085
f 3083 3324 3325
f 3086 3087 3084
f 3086 3088 3087
f 3333 3089 3334
f 3333 3090 3089
f 3091 3340 3339
f 3091 3339 3092
f 3093 3094 3095
f 3093 3095 3096
f 3097 3343 3344
f 3097 3344 3098
f 3355 3356 3357
f 3355 3358 3356
f 3101 3099 3100
f 3101 3100 3102
f 3373 3104 3105
f 3373 3105 3374
f 3106 3107 3103
f 3106 3108 3107
f 3367 3368 3369
f 3367 3369 3370
f 3111 3109 3110
f 3111 3110 3112
f 3113 3114 3115
f 3113 3115 3116
f 3117 3569 3570
f 3117 3118 3569
f 3571 3572 3573
f 3571 3574 3572
f 3121 3120 3119
f 3121 3122 3120
f 3123 3124 3125
f 3123 3125 3126
f 3575 3127 3576
f 3575 3128 3127
f 3577 3578 3579
f 3577 3579 3580
f 3131 3129 3130
f 3131 3130 3132
f 3133 3134 3135
f 3133 3135 3136
f 3581 3582 3137
f 3581 3137 3138
f 3583 3584 3585
f 3583 3585 3586
f 3140 3139 3141
f 3140 3141 3142
f 3587 3144 3145
f 3587 3588 3144
f 3143 3147 3146
f 3143 3148 3147
f 3589 3591 3592
f 3589 3590 3591
f 3150 3151 3149
f 3150 3152 3151
f 3153 3154 3155
f 3153 3156 3154
f 3595 3597 3598
f 3595 3596 3597
f 3157 3158 3593
f 3157 3593 3594
f 3160 3159 3161
f 3160 3161 3162
f 3163 3164 3165
f 3163 3166 3164
f 3601 3603 3604
f 3601 3602 3603
f 3168 3600 3167
f 3168 3599 3600
f 3171 3169 3170
f 3171 3172 3169
f 3173 3174 3175
f 3173 3175 3176
f 3605 3606 3177
f 3605 3177 3178
f 3607 3608 3609
f 3607 3609 3610
f 3181 3179 3180
f 3181 3180 3182
f 3611 3184 3185
f 3611 3185 3612
f 3183 3186 3187
f 3183 3187 3188
f 3613 3614 3615
f 3613 3615 3616
f 3191 3189 3190
f 3191 3190 3192
f 3193 3194 3195
f 3193 3195 3196
f 3197 3617 3618
f 3197 3198 3617
f 3619 3620 3621
f 3619 3622 3620
f 3201 3200 3199
f 3201 3199 3202
f 3203 3204 3205
f 3203 3206 3204
f 3625 3627 3628
f 3625 3626 3627
f 3208 3624 3207
f 3208 3623 3624
f 3211 3209 3210
f 3211 3212 3209
f 3213 3214 3215
f 3213 3215 3216
f 3629 3217 3630
f 3629 3218 3217
f 3631 3632 3633
f 3631 3633 3634
f 3221 3219 3220
f 3221 3220 3222
f 3223 3224 3225
f 3223 3225 3226
f 3227 3635 3636
f 3227 3228 3635
f 3637 3638 3639
f 3637 3640 3638
f 3231 3230 3229
f 3231 3232 3230
f 3233 3234 3235
f 3233 3236 3234
f 3643 3646 3644
f 3643 3644 3645
f 3238 3237 3641
f 3238 3641 3642
f 3240 3239 3241
f 3240 3241 3242
f 3243 3244 3245
f 3243 3246 3244
f 3649 3652 3650
f 3649 3650 3651
f 3247 3648 3248
f 3247 3647 3648
f 3249 3250 3251
f 3249 3251 3252
f 3253 3254 3255
f 3253 3256 3254
f 3655 3657 3658
f 3655 3656 3657
f 3653 3258 3257
f 3653 3257 3654
f 3261 3259 3260
f 3261 3260 3262
f 3263 3264 3265
f 3263 3265 3266
f 3267 3659 3660
f 3267 3268 3659
f 3661 3662 3663
f 3661 3664 3662
f 3271 3270 3269
f 3271 3269 3272
f 3273 3274 3275
f 3273 3275 3276
f 3277 3278 3279
f 3277 3279 3280
f 3281 3282 3283
f 3281 3283 3284
f 3285 3286 3287
f 3285 3287 3288
f 3289 3290 3291
f 3289 3291 3292
f 3293 3294 3295
f 3293 3295 3296
f 3297 3298 3299
f 3297 3299 3300
f 3301 3302 3303
f 3301 3303 3304
f 3665 3666 3667
f 3665 3667 3668
f 3899 3900 3901
f 3899 3901 3902
f 3671 3669 3670
f 3671 3670 3672
f 3897 3673 3898
f 3897 3674 3673
f 3675 3676 3677
f 3675 3678 3676
f 3903 3905 3906
f 3903 3904 3905
f 3680 3681 3679
f 3680 3682 3681
f 3683 3908 3907
f 3683 3907 3684
f 3685 3686 3687
f 3685 3687 3688
f 3689 3909 3910
f 3689 3910 3690
f 3911 3912 3913
f 3911 3914 3912
f 3693 3691 3692
f 3693 3692 3694
f 3695 3696 3697
f 3695 3697 3698
f 3699 3700 3701
f 3699 3701 3702
f 3703 3704 3705
f 3703 3705 3706
f 3707 3708 3709
f 3707 3709 3710
f 3711 3712 3713
f 3711 3713 3714
f 3917 3918 3919
f 3917 3920 3918
f 3717 3715 3716
f 3717 3716 3718
f 3719 3915 3916
f 3719 3916 3720
f 3721 3722 3723
f 3721 3723 3724
f 3725 3921 3922
f 3725 3726 3921
f 3923 3924 3925
f 3923 3926 3924
f 3729 3728 3727
f 3729 3730 3728
f 3731 3732 3733
f 3731 3733 3734
f 3927 3735 3928
f 3927 3736 3735
f 3929 3930 3931
f 3929 3931 3932
f 3739 3737 3738
f 3739 3738 3740
f 3741 3742 3743
f 3741 3743 3744
f 3933 3934 3745
f 3933 3745 3746
f 3935 3936 3937
f 3935 3937 3938
f 3748 3747 3749
f 3748 3749 3750
f 3943 3752 3753
f 3943 3944 3752
f 3751 3942 3754
f 3751 3941 3942
f 3756 3757 3755
f 3756 3758 3757
f 3939 3759 3940
f 3939 3760 3759
f 3761 3762 3763
f 3761 3764 3762
f 3947 3949 3950
f 3947 3948 3949
f 3765 3766 3945
f 3765 3945 3946
f 3768 3767 3769
f 3768 3769 3770
f 3771 3772 3773
f 3771 3774 3772
f 3953 3955 3956
f 3953 3954 3955
f 3776 3952 3775
f 3776 3951 3952
f 3779 3777 3778
f 3779 3780 3777
f 3781 3782 3783
f 3781 3783 3784
f 3957 3958 3785
f 3957 3785 3786
f 3959 3960 3961
f 3959 3961 3962
f 3789 3787 3788
f 3789 3788 3790
f 3963 3792 3793
f 3963 3793 3964
f 3791 3794 3795
f 3791 3795 3796
f 3965 3966 3967
f 3965 3967 3968
f 3799 3797 3798
f 3799 3798 3800
f 3801 3802 3803
f 3801 3803 3804
f 3805 3969 3970
f 3805 3806 3969
f 3971 3972 3973
f 3971 3974 3972
f 3809 3808 3807
f 3809 3807 3810
f 3811 3812 3813
f 3811 3814 3812
f 3977 3979 3980
f 3977 3978 3979
f 3816 3976 3815
f 3816 3975 3976
f 3819 3817 3818
f 3819 3820 3817
f 3821 3822 3823
f 3821 3823 3824
f 3981 3825 3982
f 3981 3826 3825
f 3983 3984 3985
f 3983 3985 3986
f 3829 3827 3828
f 3829 3828 3830
f 3831 3832 3833
f 3831 3833 3834
f 3835 3987 3988
f 3835 3836 3987
f 3989 3990 3991
f 3989 3992 3990
f 3839 3838 3837
f 3839 3840 3838
f 3841 3842 3843
f 3841 3844 3842
f 3995 3998 3996
f 3995 3996 3997
f 3846 3845 3993
f 3846 3993 3994
f 3848 3847 3849
f 3848 3849 3850
f 3851 3852 3853
f 3851 3854 3852
f 4001 4004 4002
f 4001 4002 4003
f 3855 4000 3856
f 3855 3999 4000
f 3857 3858 3859
f 3857 3859 3860
f 3861 3862 3863
f 3861 3864 3862
f 4007 4009 4010
f 4007 4008 4009
f 4005 3866 3865
f 4005 3865 4006
f 3869 3867 3868
f 3869 3868 3870
f 3871 3872 3873
f 3871 3873 3874
f 3875 4011 4012
f 3875 3876 4011
f 4013 4014 4015
f 4013 4016 4014
f 3879 3878 3877
f 3879 3877 3880
f 3881 3882 3883
f 3881 3883 3884
f 3885 3886 3887
f 3885 3887 3888
f 3889 3890 3891
f 3889 3891 3892
f 3893 3894 3895
f 3893 3895 3896
f 4017 4018 4019
f 4017 4019 4020
f 4251 4252 4253
f 4251 4253 4254
f 4023 4021 4022
f 4023 4022 4024
f 4249 4025 4250
f 4249 4026 4025
f 4027 4028 4029
f 4027 4030 4028
f 4255 4257 4258
f 4255 4256 4257
f 4032 4033 4031
f 4032 4034 4033
f 4035 4260 4259
f 4035 4259 4036
f 4037 4038 4039
f 4037 4039 4040
f 4041 4261 4262
f 4041 4262 4042
f 4263 4264 4265
f 4263 4266 4264
f 4045 4043 4044
f 4045 4044 4046
f 4047 4048 4049
f 4047 4049 4050
f 4051 4052 4053
f 4051 4053 4054
f 4055 4056 4057
f 4055 4057 4058
f 4059 4060 4061
f 4059 4061 4062
f 4063 4064 4065
f 4063 4065 4066
f 4269 4270 4271
f 4269 4272 4270
f 4069 4067 4068
f 4069 4068 4070
f 4071 4267 4268
f 4071 4268 4072
f 4073 4074 4075
f 4073 4075 4076
f 4077 4273 4274
f 4077 4078 4273
f 4275 4276 4277
f 4275 4278 4276
f 4081 4080 4079
f 4081 4082 4080
f 4083 4084 4085
f 4083 4085 4086
f 4279 4087 4280
f 4279 4088 4087
f 4281 4282 4283
f 4281 4283 4284
f 4091 4089 4090
f 4091 4090 4092
f 4093 4094 4095
f 4093 4095 4096
f 4285 4286 4097
f 4285 4097 4098
f 4287 4288 4289
f 4287 4289 4290
f 4100 4099 4101
f 4100 4101 4102
f 4295 4104 4105
f 4295 4296 4104
f 4103 4294 4106
f 4103 4293 4294
f 4108 4109 4107
f 4108 4110 4109
f 4291 4111 4292
f 4291 4112 4111
f 4113 4114 4115
f 4113 4116 4114
f 4299 4301 4302
f 4299 4300 4301
f 4117 4118 4297
f 4117 4297 4298
f 4120 4119 4121
f 4120 4121 4122
f 4123 4124 4125
f 4123 4126 4124
f 4305 4307 4308
f 4305 4306 4307
f 4128 4304 4127
f 4128 4303 4304
f 4131 4129 4130
f 4131 4132 4129
f 4133 4134 4135
f 4133 4135 4136
f 4309 4310 4137
f 4309 4137 4138
f 4311 4312 4313
f 4311 4313 4314
f 4141 4139 4140
f 4141 4140 4142
f 4315 4144 4145
f 4315 4145 4316
f 4143 4146 4147
f 4143 4147 4148
f 4317 4318 4319
f 4317 4319 4320
f 4151 4149 4150
f 4151 4150 4152
f 4153 4154 4155
f 4153 4155 4156
f 4157 4321 4322
f 4157 4158 4321
f 4323 4324 4325
f 4323 4326 4324
f 4161 4160 4159
f 4161 4159 4162
f 4163 4164 4165
f 4163 4166 4164
f 4329 4331 4332
f 4329 4330 4331
f 4168 4328 4167
f 4168 4327 4328
f 4171 4169 4170
f 4171 4172 4169
f 4173 4174 4175
f 4173 4175 4176
f 4333 4177 4334
f 4333 4178 4177
f 4335 4336 4337
f 4335 4337 4338
f 4181 4179 4180
f 4181 4180 4182
f 4183 4184 4185
f 4183 4185 4186
f 4187 4339 4340
f 4187 4188 4339
f 4341 4342 4343
f 4341 4344 4342
f 4191 4190 4189
f 4191 4192 4190
f 4193 4194 4195
f 4193 4196 4194
f 4347 4350 4348
f 4347 4348 4349
f 4198 4197 4345
f 4198 4345 4346
f 4200 4199 4201
f 4200 4201 4202
f 4203 4204 4205
f 4203 4206 4204
f 4353 4356 4354
f 4353 4354 4355
f 4207 4352 4208
f 4207 4351 4352
f 4209 4210 4211
f 4209 4211 4212
f 4213 4214 4215
f 4213 4216 4214
f 4359 4361 4362
f 4359 4360 4361
f 4357 4218 4217
f 4357 4217 4358
f 4221 4219 4220
f 4221 4220 4222
f 4223 4224 4225
f 4223 4225 4226
f 4227 4363 4364
f 4227 4228 4363
f 4365 4366 4367
f 4365 4368 4366
f 4231 4230 4229
f 4231 4229 4232
f 4233 4234 4235
f 4233 4235 4236
f 4237 4238 4239
f 4237 4239 4240
f 4241 4242 4243
f 4241 4243 4244
f 4245 4246 4247
f 4245 4247 4248
f 4369 4370 4371
f 4369 4371 4372
f 4603 4604 4605
f 4603 4605 4606
f 4375 4373 4374
f 4375 4374 4376
f 4601 4377 4602
f 4601 4378 4377
f 4379 4380 4381
f 4379 4382 4380
f 4607 4609 4610
f 4607 4608 4609
f 4384 4385 4383
f 4384 4386 4385
f 4387 4612 4611
f 4387 4611 4388
f 4389 4390 4391
f 4389 4391 4392
f 4393 4613 4614
f 4393 4614 4394
f 4615 4616 4617
f 4615 4618 4616
f 4397 4395 4396
f 4397 4396 4398
f 4399 4400 4401
f 4399 4401 4402
f 4403 4404 4405
f 4403 4405 4406
f 4407 4408 4409
f 4407 4409 4410
f 4411 4412 4413
f 4411 4413 4414
f 4415 4416 4417
f 4415 4417 4418
f 4621 4622 4623
f 4621 4624 4622
f 4421 4419 4420
f 4421 4420 4422
f 4423 4619 4620
f 4423 4620 4424
f 4425 4426 4427
f 4425 4427 4428
f 4429 4625 4626
f 4429 4430 4625
f 4627 4628 4629
f 4627 4630 4628
f 4433 4432 4431
f 4433 4434 4432
f 4435 4436 4437
f 4435 4437 4438
f 4631 4439 4632
f 4631 4440 4439
f 4633 4634 4635
f 4633 4635 4636
f 4443 4441 4442
f 4443 4442 4444
f 4445 4446 4447
f 4445 4447 4448
f 4637 4638 4449
f 4637 4449 4450
f 4639 4640 4641
f 4639 4641 4642
f 4452 4451 4453
f 4452 4453 4454
f 4647 4456 4457
f 4647 4648 4456
f 4455 4646 4458
f 4455 4645 4646
f 4460 4461 4459
f 4460 4462 4461
f 4643 4463 4644
f 4643 4464 4463
f 4465 4466 4467
f 4465 4468 4466
f 4651 4653 4654
f 4651 4652 4653
f 4469 4470 4649
f 4469 4649 4650
f 4472 4471 4473
f 4472 4473 4474
f 4475 4476 4477
f 4475 4478 4476
f 4657 4659 4660
f 4657 4658 4659
f 4480 4656 4479
f 4480 4655 4656
f 4483 4481 4482
f 4483 4484 4481
f 4485 4486 4487
f 4485 4487 4488
f 4661 4662 4489
f 4661 4489 4490
f 4663 4664 4665
f 4663 4665 4666
f 4493 4491 4492
f 4493 4492 4494
f 4667 4496 4497
f 4667 4497 4668
f 4495 4498 4499
f 4495 4499 4500
f 4669 4670 4671
f 4669 4671 4672
f 4503 4501 4502
f 4503 4502 4504
f 4505 4506 4507
f 4505 4507 4508
f 4509 4673 4674
f 4509 4510 4673
f 4675 4676 4677
f 4675 4678 4676
f 4513 4512 4511
f 4513 4511 4514
f 4515 4516 4517
f 4515 4518 4516
f 4681 4683 4684
f 4681 4682 4683
f 4520 4680 4519
f 4520 4679 4680
f 4523 4521 4522
f 4523 4524 4521
f 4525 4526 4527
f 4525 4527 4528
f 4685 4529 4686
f 4685 4530 4529
f 4687 4688 4689
f 4687 4689 4690
f 4533 4531 4532
f 4533 4532 4534
f 4535 4536 4537
f 4535 4537 4538
f 4539 4691 4692
f 4539 4540 4691
f 4693 4694 4695
f 4693 4696 4694
f 4543 4542 4541
f 4543 4544 4542
f 4545 4546 4547
f 4545 4548 4546
f 4699 4702 4700
f 4699 4700 4701
f 4550 4549 4697
f 4550 4697 4698
f 4552 4551 4553
f 4552 4553 4554
f 4555 4556 4557
f 4555 4558 4556
f 4705 4708 4706
f 4705 4706 4707
f 4559 4704 4560
f 4559 4703 4704
f 4561 4562 4563
f 4561 4563 4564
f 4565 4566 4567
f 4565 4568 4566
f 4711 4713 4714
f 4711 4712 4713
f 4709 4570 4569
f 4709 4569 4710
f 4573 4571 4572
f 4573 4572 4574
f 4575 4576 4577
f 4575 4577 4578
f 4579 4715 4716
f 4579 4580 4715
f 4717 4718 4719
f 4717 4720 4718
f 4583 4582 4581
f 4583 4581 4584
f 4585 4586 4587
f 4585 4587 4588
f 4589 4590 4591
f 4589 4591 4592
f 4593 4594 4595
f 4593 4595 4596
f 4597 4598 4599
f 4597 4599 4600
f 4721 4722 4723
f 4721 4723 4724
f 4955 4956 4957
f 4955 4957 4958
f 4727 4725 4726
f 4727 4726 4728
f 4953 4729 4954
f 4953 4730 4729
f 4731 4732 4733
f 4731 4734 4732
f 4959 4961 4962
f 4959 4960 4961
f 4736 4737 4735
f 4736 4738 4737
f 4739 4964 4963
f 4739 4963 4740
f 4741 4742 4743
f 4741 4743 4744
f 4745 4965 4966
f 4745 4966 4746
f 4967 4968 4969
f 4967 4970 4968
f 4749 4747 4748
f 4749 4748 4750
f 4751 4752 4753
f 4751 4753 4754
f 4755 4756 4757
f 4755 4757 4758
f 4759 4760 4761
f 4759 4761 4762
f 4763 4764 4765
f 4763 4765 4766
f 4767 4768 4769
f 4767 4769 4770
f 4973 4974 4975
f 4973 4976 4974
f 4773 4771 4772
f 4773 4772 4774
f 4775 4971 4972
f 4775 4972 4776
f 4777 4778 4779
f 4777 4779 4780
f 4781 4977 4978
f 4781 4782 4977
f 4979 4980 4981
f 4979 4982 4980
f 4785 4784 4783
f 4785 4786 4784
f 4787 4788 4789
f 4787 4789 4790
f 4983 4791 4984
f 4983 4792 4791
f 4985 4986 4987
f 4985 4987 4988
f 4795 4793 4794
f 4795 4794 4796
f 4797 4798 4799
f 4797 4799 4800
f 4989 4990 4801
f 4989 4801 4802
f 4991 4992 4993
f 4991 4993 4994
f 4804 4803 4805
f 4804 4805 4806
f 4999 4808 4809
f 4999 5000 4808
f 4807 4998 4810
f 4807 4997 4998
f 4812 4813 4811
f 4812 4814 4813
f 4995 4815 4996
f 4995 4816 4815
f 4817 4818 4819
f 4817 4820 4818
f 5003 5005 5006
f 5003 5004 5005
f 4821 4822 5001
f 4821 5001 5002
f 4824 4823 4825
f 4824 4825 4826
f 4827 4828 4829
f 4827 4830 4828
f 5009 5011 5012
f 5009 5010 5011
f 4832 5008 4831
f 4832 5007 5008
f 4835 4833 4834
f 4835 4836 4833
f 4837 4838 4839
f 4837 4839 4840
f 5013 5014 4841
f 5013 4841 4842
f 5015 5016 5017
f 5015 5017 5018
f 4845 4843 4844
f 4845 4844 4846
f 5019 4848 4849
f 5019 4849 5020
f 4847 4850 4851
f 4847 4851 4852
f 5021 5022 5023
f 5021 5023 5024
f 4855 4853 4854
f 4855 4854 4856
f 4857 4858 4859
f 4857 4859 4860
f 4861 5025 5026
f 4861 4862 5025
f 5027 5028 5029
f 5027 5030 5028
f 4865 4864 4863
f 4865 4863 4866
f 4867 4868 4869
f 4867 4870 4868
f 5033 5035 5036
f 5033 5034 5035
f 4872 5032 4871
f 4872 5031 5032
f 4875 4873 4874
f 4875 4876 4873
f 4877 4878 4879
f 4877 4879 4880
f 5037 4881 5038
f 5037 4882 4881
f 5039 5040 5041
f 5039 5041 5042
f 4885 4883 4884
f 4885 4884 4886
f 4887 4888 4889
f 4887 4889 4890
f 4891 5043 5044
f 4891 4892 5043
f 5045 5046 5047
f 5045 5048 5046
f 4895 4894 4893
f 4895 4896 4894
f 4897 4898 4899
f 4897 4900 4898
f 5051 5054 5052
f 5051 5052 5053
f 4902 4901 5049
f 4902 5049 5050
f 4904 4903 4905
f 4904 4905 4906
f 4907 4908 4909
f 4907 4910 4908
f 5057 5060 5058
f 5057 5058 5059
f 4911 5056 4912
f 4911 5055 5056
f 4913 4914 4915
f 4913 4915 4916
f 4917 4918 4919
f 4917 4920 4918
f 5063 5065 5066
f 5063 5064 5065
f 5061 4922 4921
f 5061 4921 5062
f 4925 4923 4924
f 4925 4924 4926
f 4927 4928 4929
f 4927 4929 4930
f 4931 5067 5068
f 4931 4932 5067
f 5069 5070 5071
f 5069 5072 5070
f 4935 4934 4933
f 4935 4933 4936
f 4937 4938 4939
f 4937 4939 4940
f 4941 4942 4943
f 4941 4943 4944
f 4945 4946 4947
f 4945 4947 4948
f 4949 4950 4951
f 4949 4951 4952
f 5073 5074 5075
f 5073 5075 5076
f 5307 5308 5309
f 5307 5309 5310
f 5079 5077 5078
f 5079 5078 5080
f 5305 5081 5306
f 5305 5082 5081
f 5083 5084 5085
f 5083 5086 5084
f 5311 5313 5314
f 5311 5312 5313
f 5088 5089 5087
f 5088 5090 5089
f 5091 5316 5315
f 5091 5315 5092
f 5093 5094 5095
f 5093 5095 5096
f 5097 5317 5318
f 5097 5318 5098
f 5319 5320 5321
f 5319 5322 5320
f 5101 5099 5100
f 5101 5100 5102
f 5103 5104 5105
f 5103 5105 5106
f 5107 5108 5109
f 5107 5109 5110
f 5111 5112 5113
f 5111 5113 5114
f 5115 5116 5117
f 5115 5117 5118
f 5119 5120 5121
f 5119 5121 5122
f 5325 5326 5327
f 5325 5328 5326
f 5125 5123 5124
f 5125 5124 5126
f 5127 5323 5324
f 5127 5324 5128
f 5129 5130 5131
f 5129 5131 5132
f 5133 5329 5330
f 5133 5134 5329
f 5331 5332 5333
f 5331 5334 5332
f 5137 5136 5135
f 5137 5138 5136
f 5139 5140 5141
f 5139 5141 5142
f 5335 5143 5336
f 5335 5144 5143
f 5337 5338 5339
f 5337 5339 5340
f 5147 5145 5146
f 5147 5146 5148
f 5149 5150 5151
f 5149 5151 5152
f 5341 5342 5153
f 5341 5153 5154
f 5343 5344 5345
f 5343 5345 5346
f 5156 5155 5157
f 5156 5157 5158
f 5351 5160 5161
f 5351 5352 5160
f 5159 5350 5162
f 5159 5349 5350
f 5164 5165 5163
f 5164 5166 5165
f 5347 5167 5348
f 5347 5168 5167
f 5169 5170 5171
f 5169 5172 5170
f 5355 5357 5358
f 5355 5356 5357
f 5173 5174 5353
f 5173 5353 5354
f 5176 5175 5177
f 5176 5177 5178
f 5179 5180 5181
f 5179 5182 5180
f 5361 5363 5364
f 5361 5362 5363
f 5184 5360 5183
f 5184 5359 5360
f 5187 5185 5186
f 5187 5188 5185
f 5189 5190 5191
f 5189 5191 5192
f 5365 5366 5193
f 5365 5193 5194
f 5367 5368 5369
f 5367 5369 5370
f 5197 5195 5196
f 5197 5196 5198
f 5371 5200 5201
f 5371 5201 5372
f 5199 5202 5203
f 5199 5203 5204
f 5373 5374 5375
f 5373 5375 5376
f 5207 5205 5206
f 5207 5206 5208
f 5209 5210 5211
f 5209 5211 5212
f 5213 5377 5378
f 5213 5214 5377
f 5379 5380 5381
f 5379 5382 5380
f 5217 5216 5215
f 5217 5215 5218
f 5219 5220 5221
f 5219 5222 5220
f 5385 5387 5388
f 5385 5386 5387
f 5224 5384 5223
f 5224 5383 5384
f 5227 5225 5226
f 5227 5228 5225
f 5229 5230 5231
f 5229 5231 5232
f 5389 5233 5390
f 5389 5234 5233
f 5391 5392 5393
f 5391 5393 5394
f 5237 5235 5236
f 5237 5236 5238
f 5239 5240 5241
f 5239 5241 5242
f 5243 5395 5396
f 5243 5244 5395
f 5397 5398 5399
f 5397 5400 5398
f 5247 5246 5245
f 5247 5248 5246
f 5249 5250 5251
f 5249 5252 5250
f 5403 5406 5404
f 5403 5404 5405
f 5254 5253 5401
f 5254 5401 5402
f 5256 5255 5257
f 5256 5257 5258
f 5259 5260 5261
f 5259 5262 5260
f 5409 5412 5410
f 5409 5410 5411
f 5263 5408 5264
f 5263 5407 5408
f 5265 5266 5267
f 5265 5267 5268
f 5269 5270 5271
f 5269 5272 5270
f 5415 5417 5418
f 5415 5416 5417
f 5413 5274 5273
f 5413 5273 5414
f 5277 5275 5276
f 5277 5276 5278
f 5279 5280 5281
f 5279 5281 5282
f 5283 5419 5420
f 5283 5284 5419
f 5421 5422 5423
f 5421 5424 5422
f 5287 5286 5285
f 5287 5285 5288
f 5289 5290 5291
f 5289 5291 5292
f 5293 5294 5295
f 5293 5295 5296
f 5297 5298 5299
f 5297 5299 5300
f 5301 5302 5303
f 5301 5303 5304
f 5425 5426 5427
f 5425 5427 5428
f 5659 5660 5661
f 5659 5661 5662
f 5431 5429 5430
f 5431 5430 5432
f 5657 5433 5658
f 5657 5434 5433
f 5435 5436 5437
f 5435 5438 5436
f 5663 5665 5666
f 5663 5664 5665
f 5440 5441 5439
f 5440 5442 5441
f 5443 5668 5667
f 5443 5667 5444
f 5445 5446 5447
f 5445 5447 5448
f 5449 5669 5670
f 5449 5670 5450
f 5671 5672 5673
f 5671 5674 5672
f 5453 5451 5452
f 5453 5452 5454
f 5455 5456 5457
f 5455 5457 5458
f 5459 5460 5461
f 5459 5461 5462
f 5463 5464 5465
f 5463 5465 5466
f 5467 5468 5469
f 5467 5469 5470
f 5471 5472 5473
f 5471 5473 5474
f 5677 5678 5679
f 5677 5680 5678
f 5477 5475 5476
f 5477 5476 5478
f 5479 5675 5676
f 5479 5676 5480
f 5481 5482 5483
f 5481 5483 5484
f 5485 5681 5682
f 5485 5486 5681
f 5683 5684 5685
f 5683 5686 5684
f 5489 5488 5487
f 5489 5490 5488
f 5491 5492 5493
f 5491 5493 5494
f 5687 5495 5688
f 5687 5496 5495
f 5689 5690 5691
f 5689 5691 5692
f 5499 5497 5498
f 5499 5498 5500
f 5501 5502 5503
f 5501 5503 5504
f 5693 5694 5505
f 5693 5505 5506
f 5695 5696 5697
f 5695 5697 5698
f 5508 5507 5509
f 5508 5509 5510
f 5703 5512 5513
f 5703 5704 5512
f 5511 5702 5514
f 5511 5701 5702
f 5516 5517 5515
f 5516 5518 5517
f 5699 5519 5700
f 5699 5520 5519
f 5521 5522 5523
f 5521 5524 5522
f 5707 5709 5710
f 5707 5708 5709
f 5525 5526 5705
f 5525 5705 5706
f 5528 5527 5529
f 5528 5529 5530
f 5531 5532 5533
f 5531 5534 5532
f 5713 5715 5716
f 5713 5714 5715
f 5536 5712 5535
f 5536 5711 5712
f 5539 5537 5538
f 5539 5540 5537
f 5541 5542 5543
f 5541 5543 5544
f 5717 5718 5545
f 5717 5545 5546
f 5719 5720 5721
f 5719 5721 5722
f 5549 5547 5548
f 5549 5548 5550
f 5723 5552 5553
f 5723 5553 5724
f 5551 5554 5555
f 5551 5555 5556
f 5725 5726 5727
f 5725 5727 5728
f 5559 5557 5558
f 5559 5558 5560
f 5561 5562 5563
f 5561 5563 5564
f 5565 5729 5730
f 5565 5566 5729
f 5731 5732 5733
f 5731 5734 5732
f 5569 5568 5567
f 5569 5567 5570
f 5571 5572 5573
f 5571 5574 5572
f 5737 5739 5740
f 5737 5738 5739
f 5576 5736 5575
f 5576 5735 5736
f 5579 5577 5578
f 5579 5580 5577
f 5581 5582 5583
f 5581 5583 5584
f 5741 5585 5742
f 5741 5586 5585
f 5743 5744 5745
f 5743 5745 5746
f 5589 5587 5588
f 5589 5588 5590
f 5591 5592 5593
f 5591 5593 5594
f 5595 5747 5748
f 5595 5596 5747
f 5749 5750 5751
f 5749 5752 5750
f 5599 5598 5597
f 5599 5600 5598
f 5601 5602 5603
f 5601 5604 5602
f 5755 5758 5756
f 5755 5756 5757
f 5606 5605 5753
f 5606 5753 5754
f 5608 5607 5609
f 5608 5609 5610
f 5611 5612 5613
f 5611 5614 5612
f 5761 5764 5762
f 5761 5762 5763
f 5615 5760 5616
f 5615 5759 5760
f 5617 5618 5619
f 5617 5619 5620
f 5621 5622 5623
f 5621 5624 5622
f 5767 5769 5770
f 5767 5768 5769
f 5765 5626 5625
f 5765 5625 5766
f 5629 5627 5628
f 5629 5628 5630
f 5631 5632 5633
f 5631 5633 5634
f 5635 5771 5772
f 5635 5636 5771
f 5773 5774 5775
f 5773 5776 5774
f 5639 5638 5637
f 5639 5637 5640
f 5641 5642 5643
f 5641 5643 5644
f 5645 5646 5647
f 5645 5647 5648
f 5649 5650 5651
f 5649 5651 5652
f 5653 5654 5655
f 5653 5655 5656
f 5777 5778 5779
f 5777 5779 5780
f 6011 6012 6013
f 6011 6013 6014
f 5783 5781 5782
f 5783 5782 5784
f 6009 5785 6010
f 6009 5786 5785
f 5787 5788 5789
f 5787 5790 5788
f 6015 6017 6018
f 6015 6016 6017
f 5792 5793 5791
f 5792 5794 5793
f 5795 6020 6019
f 5795 6019 5796
f 5797 5798 5799
f 5797 5799 5800
f 5801 6021 6022
f 5801 6022 5802
f 6023 6024 6025
f 6023 6026 6024
f 5805 5803 5804
f 5805 5804 5806
f 5807 5808 5809
f 5807 5809 5810
f 5811 5812 5813
f 5811 5813 5814
f 5815 5816 5817
f 5815 5817 5818
f 5819 5820 5821
f 5819 5821 5822
f 5823 5824 5825
f 5823 5825 5826
f 6029 6030 6031
f 6029 6032 6030
f 5829 5827 5828
f 5829 5828 5830
f 5831 6027 6028
f 5831 6028 5832
f 5833 5834 5835
f 5833 5835 5836
f 5837 6033 6034
f 5837 5838 6033
f 6035 6036 6037
f 6035 6038 6036
f 5841 5840 5839
f 5841 5842 5840
f 5843 5844 5845
f 5843 5845 5846
f 6039 5847 6040
f 6039 5848 5847
f 6041 6042 6043
f 6041 6043 6044
f 5851 5849 5850
f 5851 5850 5852
f 5853 5854 5855
f 5853 5855 5856
f 6045 6046 5857
f 6045 5857 5858
f 6047 6048 6049
f 6047 6049 6050
f 5860 5859 5861
f 5860 5861 5862
f 6055 5864 5865
f 6055 6056 5864
f 5863 6054 5866
f 5863 6053 6054
f 5868 5869 5867
f 5868 5870 5869
f 6051 5871 6052
f 6051 5872 5871
f 5873 5874 5875
f 5873 5876 5874
f 6059 6061 6062
f 6059 6060 6061
f 5877 5878 6057
f 5877 6057 6058
f 5880 5879 5881
f 5880 5881 5882
f 5883 5884 5885
f 5883 5886 5884
f 6065 6067 6068
f 6065 6066 6067
f 5888 6064 5887
f 5888 6063 6064
f 5891 5889 5890
f 5891 5892 5889
f 5893 5894 5895
f 5893 5895 5896
f 6069 6070 5897
f 6069 5897 5898
f 6071 6072 6073
f 6071 6073 6074
f 5901 5899 5900
f 5901 5900 5902
f 6075 5904 5905
f 6075 5905 6076
f 5903 5906 5907
f 5903 5907 5908
f 6077 6078 6079
f 6077 6079 6080
f 5911 5909 5910
f 5911 5910 5912
f 5913 5914 5915
f 5913 5915 5916
f 5917 6081 6082
f 5917 5918 6081
f 6083 6084 6085
f 6083 6086 6084
f 5921 5920 5919
f 5921 5919 5922
f 5923 5924 5925
f 5923 5926 5924
f 6089 6091 6092
f 6089 6090 6091
f 5928 6088 5927
f 5928 6087 6088
f 5931 5929 5930
f 5931 5932 5929
f 5933 5934 5935
f 5933 5935 5936
f 6093 5937 6094
f 6093 5938 5937
f 6095 6096 6097
f 6095 6097 6098
f 5941 5939 5940
f 5941 5940 5942
f 5943 5944 5945
f 5943 5945 5946
f 5947 6099 6100
f 5947 5948 6099
f 6101 6102 6103
f 6101 6104 6102
f 5951 5950 5949
f 5951 5952 5950
f 5953 5954 5955
f 5953 5956 5954
f 6107 6110 6108
f 6107 6108 6109
f 5958 5957 6105
f 5958 6105 6106
f 5960 5959 5961
f 5960 5961 5962
f 5963 5964 5965
f 5963 5966 5964
f 6113 6116 6114
f 6113 6114 6115
f 5967 6112 5968
f 5967 6111 6112
f 5969 5970 5971
f 5969 5971 5972
f 5973 5974 5975
f 5973 5976 5974
f 6119 6121 6122
f 6119 6120 6121
f 6117 5978 5977
f 6117 5977 6118
f 5981 5979 5980
f 5981 5980 5982
f 5983 5984 5985
f 5983 5985 5986
f 5987 6123 6124
f 5987 5988 6123
f 6125 6126 6127
f 6125 6128 6126
f 5991 5990 5989
f 5991 5989 5992
f 5993 5994 5995
f 5993 5995 5996
f 5997 5998 5999
f 5997 5999 6000
f 6001 6002 6003
f 6001 6003 6004
f 6005 6006 6007
f 6005 6007 6008
usemtl material_3
f 6129 6130 6131
f 6132 6129 6131
f 6132 6131 6133
f 6133 6131 6134
f 6135 6133 6134
f 6134 6136 6135
f 6136 6134 6137
f 6138 6139 6140
f 6138 6140 6141
f 6141 6140 6142
f 6141 6142 6143
f 6144 6145 6146
f 6144 6146 6147
f 6148 6147 6146
f 6148 6149 6147
f 6149 6150 6147
f 6151 6152 6153
f 6151 6153 6154
usemtl material_5
f 6155 6156 6157
f 6155 6157 6158
f 6159 6160 6161
f 6159 6161 6162
f 6163 6164 6165
f 6163 6165 6166
f 6167 6168 6169
f 6167 6169 6170
f 6171 6172 6173
f 6171 6173 6174
f 6175 6176 6177
f 6175 6177 6178
f 6179 6180 6181
f 6179 6181 6182
f 6183 6184 6185
f 6183 6185 6186
f 6187 6188 6189
f 6187 6189 6190
f 6191 6192 6193
f 6191 6193 6194
f 6195 6196 6197
f 6195 6197 6198
f 6199 6200 6201
f 6199 6201 6202
f 6203 6204 6205
f 6203 6205 6206
f 6207 6208 6209
f 6207 6209 6210
f 6211 6212 6213
f 6211 6213 6214
f 6215 6216 6217
f 6215 6217 6218
f 6219 6220 6221
f 6219 6221 6222
f 6223 6224 6225
f 6223 6225 6226
f 6227 6228 6229
f 6227 6229 6230
f 6231 6232 6233
f 6231 6233 6234
f 6235 6236 6237
f 6235 6237 6238
f 6239 6240 6241
f 6239 6241 6242
f 6243 6244 6245
f 6243 6245 6246
f 6247 6248 6249
f 6247 6249 6250
f 6251 6252 6253
f 6251 6253 6254
f 6255 6256 6257
f 6255 6257 6258
f 6259 6260 6261
f 6259 6261 6262
f 6263 6264 6265
f 6263 6265 6266
f 6267 6268 6269
f 6267 6269 6270
f 6271 6272 6273
f 6271 6273 6274
f 6275 6276 6277
f 6275 6277 6278
f 6279 6280 6281
f 6279 6281 6282
f 6283 6284 6285
f 6283 6285 6286
f 6287 6288 6289
f 6287 6289 6290
f 6291 6292 6293
f 6291 6293 6294
f 6295 6296 6297
f 6295 6297 6298
f 6299 6300 6301
f 6299 6301 6302
f 6303 6299 6302
f 6304 6303 6302
f 6302 6305 6304
f 6306 6299 6303
f 6306 6303 6307
f 6307 6303 6308
f 6309 6299 6306
f 6309 6310 6299
f 6309 6311 6310
f 6307 6308 6312
f 6312 6311 6309
f 6312 6308 6313
f 6312 6313 6311
f 6314 6315 6316
f 6314 6316 6317
f 6318 6319 6320
f 6318 6320 6321
f 6322 6323 6324
f 6322 6324 6325
f 6326 6327 6328
f 6326 6328 6329
usemtl material_3
f 6330 6331 6332
f 6330 6333 6331
f 6333 6334 6331
f 6333 6335 6334
f 6336 6334 6335
f 6336 6337 6334
f 6338 6339 6340
f 6338 6340 6341
f 6342 6343 6344
f 6342 6345 6343
f 6343 6345 6346
f 6343 6346 6347
f 6348 6349 6350
f 6348 6350 6351
f 6352 6353 6354
f 6352 6354 6355
f 6356 6357 6358
f 6356 6358 6359
f 6360 6361 6362
f 6360 6362 6363
f 6364 6365 6366
f 6364 6366 6367
f 6368 6369 6370
f 6368 6370 6371
f 6372 6373 6374
f 6372 6374 6375
f 6376 6373 6372
f 6375 6374 6377
f 6376 6378 6373
f 6375 6377 6379
f 6379 6378 6376
f 6379 6377 6378
usemtl material_7
f 6380 6381 6382
f 6380 6382 6383
f 6384 6385 6386
f 6384 6386 6387
f 6388 6389 6390
f 6388 6390 6391
f 6392 6393 6394
f 6392 6394 6395
f 6396 6397 6398
f 6396 6398 6399
f 6400 6401 6402
f 6400 6402 6403
f 6404 6405 6406
f 6404 6406 6407
f 6408 6409 6410
f 6408 6410 6411
f 6412 6413 6414
f 6412 6414 6415
f 6416 6417 6418
f 6416 6418 6419
usemtl material_3
f 6420 6421 6422
f 6420 6422 6423
f 6424 6425 6426
f 6424 6426 6427
f 6428 6429 6430
f 6428 6431 6429
f 6432 6429 6431
f 6432 6433 6429
f 6434 6433 6432
f 6434 6432 6435
f 6436 6437 6438
f 6436 6439 6437
f 6440 6437 6439
f 6440 6439 6441
f 6442 6440 6441
f 6442 6441 6443
f 6822 6442 6443
f 6822 6443 6823
f 6446 6444 6445
f 6446 6445 6447
f 6446 6447 6448
f 6446 6448 6449
f 6450 6449 6448
f 6450 6448 6451
f 6452 6450 6451
f 6452 6451 6453
f 6454 6452 6453
f 6454 6453 6455
f 6456 6454 6455
f 6456 6455 6457
f 6458 6456 6457
f 6458 6457 6459
f 6460 6461 6462
f 6460 6462 6463
f 6460 6463 6464
f 6460 6464 6465
f 6460 6465 6466
f 6460 6466 6467
f 6460 6467 6468
f 6468 6469 6460
f 6470 6460 6469
f 6470 6469 6471
f 6472 6473 6474
f 6472 6474 6475
f 6818 6472 6475
f 6475 6474 6477
f 6818 6475 6815
f 6479 6476 6478
f 6475 6477 6480
f 6815 6475 6480
f 6480 6477 6481
f 6479 6478 6482
f 6483 6479 6482
f 6480 6481 6484
f 6484 6481 6819
f 6815 6480 6816
f 6482 6478 6486
f 6816 6480 6484
f 6484 6819 6820
f 6487 6485 6488
f 6816 6484 6817
f 6817 6484 6820
f 6482 6486 6490
f 6490 6486 6489
f 6483 6482 6491
f 6491 6482 6490
f 6487 6488 6492
f 6492 6488 6493
f 6817 6820 6821
f 6812 6487 6492
f 6483 6491 6495
f 6483 6495 6496
f 6497 6496 6495
f 6495 6491 6498
f 6491 6490 6498
f 6497 6495 6499
f 6498 6500 6495
f 6501 6497 6499
f 6490 6489 6502
f 6498 6490 6502
f 6502 6489 6494
f 6498 6502 6500
f 6492 6493 6503
f 6503 6493 6504
f 6812 6492 6811
f 6811 6492 6503
f 6502 6494 6506
f 6500 6502 6506
f 6506 6494 6505
f 6503 6504 6507
f 6507 6504 6508
f 6500 6506 6509
f 6500 6509 6495
f 6506 6505 6510
f 6509 6506 6510
f 6811 6503 6810
f 6810 6503 6507
f 6510 6505 6511
f 6507 6508 6512
f 6512 6508 6513
f 6509 6510 6514
f 6509 6514 6495
f 6810 6507 6807
f 6807 6507 6512
f 6510 6511 6516
f 6514 6510 6516
f 6516 6511 6515
f 6512 6513 6806
f 6806 6513 6518
f 6514 6516 6519
f 6514 6519 6495
f 6807 6512 6808
f 6808 6512 6806
f 6516 6515 6521
f 6519 6516 6521
f 6521 6515 6520
f 6806 6518 6813
f 6523 6813 6518
f 6523 6814 6813
f 6519 6521 6525
f 6519 6525 6495
f 6808 6806 6809
f 6526 6517 6522
f 6524 6527 6522
f 6526 6522 6527
f 6524 6501 6527
f 6501 6499 6527
f 6521 6520 6528
f 6525 6521 6528
f 6528 6520 6526
f 6529 6526 6527
f 6529 6527 6499
f 6528 6526 6529
f 6525 6528 6530
f 6525 6530 6495
f 6530 6528 6529
f 6531 6529 6499
f 6531 6499 6495
f 6530 6529 6531
f 6530 6531 6495
f 6532 6533 6534
f 6532 6535 6533
f 6536 6533 6535
f 6536 6535 6537
f 6538 6536 6537
f 6538 6537 6539
f 6786 6538 6539
f 6786 6539 6787
f 6542 6540 6541
f 6542 6541 6543
f 6542 6543 6544
f 6542 6544 6545
f 6546 6545 6544
f 6546 6544 6547
f 6548 6546 6547
f 6548 6547 6549
f 6550 6548 6549
f 6550 6549 6551
f 6552 6550 6551
f 6552 6551 6553
f 6554 6552 6553
f 6554 6553 6555
f 6556 6557 6558
f 6556 6558 6559
f 6782 6556 6559
f 6559 6558 6561
f 6782 6559 6779
f 6563 6560 6562
f 6559 6561 6564
f 6779 6559 6564
f 6564 6561 6565
f 6563 6562 6566
f 6567 6563 6566
f 6564 6565 6568
f 6568 6565 6783
f 6779 6564 6780
f 6566 6562 6570
f 6780 6564 6568
f 6568 6783 6784
f 6571 6569 6572
f 6780 6568 6781
f 6781 6568 6784
f 6566 6570 6574
f 6574 6570 6573
f 6567 6566 6575
f 6575 6566 6574
f 6571 6572 6576
f 6576 6572 6577
f 6781 6784 6785
f 6776 6571 6576
f 6574 6573 6579
f 6579 6573 6578
f 6576 6577 6580
f 6580 6577 6581
f 6776 6576 6775
f 6775 6576 6580
f 6580 6581 6583
f 6583 6581 6584
f 6567 6575 6585
f 6567 6585 6586
f 6587 6586 6585
f 6575 6574 6588
f 6588 6574 6579
f 6579 6578 6589
f 6589 6578 6582
f 6775 6580 6774
f 6774 6580 6583
f 6583 6584 6591
f 6591 6584 6592
f 6587 6585 6593
f 6594 6587 6593
f 6588 6579 6595
f 6595 6579 6589
f 6589 6582 6596
f 6596 6582 6590
f 6774 6583 6771
f 6771 6583 6591
f 6591 6592 6770
f 6770 6592 6599
f 6594 6593 6600
f 6601 6594 6600
f 6595 6589 6602
f 6602 6589 6596
f 6596 6590 6603
f 6603 6590 6597
f 6771 6591 6772
f 6772 6591 6770
f 6770 6599 6777
f 6601 6600 6605
f 6606 6777 6599
f 6606 6778 6777
f 6607 6598 6605
f 6607 6605 6600
f 6772 6770 6773
f 6608 6597 6604
f 6603 6597 6608
f 6609 6596 6603
f 6602 6596 6609
f 6609 6603 6610
f 6602 6609 6610
f 6610 6603 6608
f 6610 6611 6602
f 6610 6608 6611
f 6611 6595 6602
f 6608 6604 6612
f 6612 6604 6607
f 6611 6608 6612
f 6613 6607 6600
f 6612 6607 6613
f 6613 6600 6593
f 6611 6614 6595
f 6611 6612 6614
f 6614 6612 6613
f 6614 6588 6595
f 6615 6613 6593
f 6614 6613 6615
f 6614 6615 6588
f 6615 6593 6585
f 6615 6575 6588
f 6615 6585 6575
f 6616 6617 6618
f 6616 6619 6617
f 6619 6620 6617
f 6619 6621 6620
f 6621 6622 6620
f 6621 6623 6622
f 6623 6624 6622
f 6623 6625 6624
f 6625 6626 6624
f 6625 6627 6626
f 6628 6626 6627
f 6628 6629 6626
f 6628 6630 6629
f 6628 6631 6630
f 6804 6632 6805
f 6804 6633 6632
f 6633 6634 6632
f 6633 6635 6634
f 6635 6636 6634
f 6635 6637 6636
f 6638 6636 6637
f 6638 6637 6639
f 6640 6641 6642
f 6640 6642 6643
f 6800 6640 6643
f 6643 6642 6645
f 6800 6643 6797
f 6647 6644 6646
f 6643 6645 6648
f 6797 6643 6648
f 6648 6645 6649
f 6647 6646 6650
f 6651 6647 6650
f 6648 6649 6652
f 6652 6649 6801
f 6797 6648 6798
f 6650 6646 6654
f 6798 6648 6652
f 6652 6801 6802
f 6655 6653 6656
f 6798 6652 6799
f 6799 6652 6802
f 6650 6654 6658
f 6658 6654 6657
f 6651 6650 6659
f 6659 6650 6658
f 6655 6656 6660
f 6660 6656 6661
f 6799 6802 6803
f 6794 6655 6660
f 6658 6657 6663
f 6663 6657 6662
f 6660 6661 6664
f 6664 6661 6665
f 6794 6660 6793
f 6793 6660 6664
f 6664 6665 6667
f 6667 6665 6668
f 6651 6659 6669
f 6651 6669 6670
f 6671 6670 6669
f 6659 6658 6672
f 6672 6658 6663
f 6663 6662 6673
f 6673 6662 6666
f 6793 6664 6792
f 6792 6664 6667
f 6667 6668 6675
f 6675 6668 6676
f 6671 6669 6677
f 6678 6671 6677
f 6672 6663 6679
f 6679 6663 6673
f 6673 6666 6680
f 6680 6666 6674
f 6792 6667 6789
f 6789 6667 6675
f 6675 6676 6788
f 6788 6676 6683
f 6678 6677 6684
f 6685 6678 6684
f 6679 6673 6686
f 6686 6673 6680
f 6680 6674 6687
f 6687 6674 6681
f 6789 6675 6790
f 6790 6675 6788
f 6788 6683 6795
f 6685 6684 6689
f 6690 6795 6683
f 6690 6796 6795
f 6691 6682 6689
f 6691 6689 6684
f 6790 6788 6791
f 6692 6681 6688
f 6687 6681 6692
f 6693 6680 6687
f 6686 6680 6693
f 6693 6687 6694
f 6686 6693 6694
f 6694 6687 6692
f 6694 6695 6686
f 6694 6692 6695
f 6695 6679 6686
f 6692 6688 6696
f 6696 6688 6691
f 6695 6692 6696
f 6697 6691 6684
f 6696 6691 6697
f 6697 6684 6677
f 6695 6698 6679
f 6695 6696 6698
f 6698 6696 6697
f 6698 6672 6679
f 6699 6697 6677
f 6698 6697 6699
f 6698 6699 6672
f 6699 6677 6669
f 6699 6659 6672
f 6699 6669 6659
f 6700 6701 6702
f 6700 6702 6703
f 6704 6700 6703
f 6704 6703 6705
f 6706 6704 6705
f 6706 6705 6707
f 6708 6706 6707
f 6708 6707 6709
f 6710 6708 6709
f 6709 6711 6710
f 6712 6713 6714
f 6712 6714 6715
f 6716 6712 6715
f 6716 6715 6717
f 6718 6716 6717
f 6718 6717 6719
f 6720 6718 6719
f 6720 6719 6721
f 6722 6720 6721
f 6721 6723 6722
f 6724 6725 6726
f 6727 6724 6726
f 6728 6724 6727
f 6729 6724 6728
f 6730 6724 6729
f 6731 6724 6730
f 6724 6732 6725
f 6725 6732 6733
f 6725 6733 6734
f 6734 6733 6731
f 6731 6730 6735
f 6734 6731 6736
f 6737 6731 6735
f 6736 6731 6738
f 6739 6731 6737
f 6738 6731 6739
f 6740 6741 6742
f 6743 6741 6740
f 6742 6741 6744
f 6745 6741 6743
f 6741 6746 6744
f 6741 6747 6746
f 6748 6741 6745
f 6746 6747 6749
f 6748 6745 6750
f 6751 6748 6750
f 6752 6748 6751
f 6753 6748 6752
f 6754 6748 6753
f 6755 6748 6754
f 6755 6749 6748
f 6746 6749 6755
f 6748 6749 6756
f 6756 6749 6757
f 6756 6757 6758
f 6758 6757 6759
f 6748 6756 6760
f 6758 6759 6761
f 6762 6748 6760
f 6761 6759 6763
f 6764 6748 6762
f 6765 6748 6764
f 6766 6748 6765
f 6759 6748 6766
f 6763 6759 6767
f 6759 6766 6768
f 6767 6759 6769
f 6769 6759 6768
usemtl material_5
f 6824 6825 6826
f 6827 6825 6824
f 6827 6828 6825
f 6827 6829 6828
f 6824 6830 6827
f 6831 6830 6824
f 6830 6832 6827
f 6833 6831 6824
f 6833 6824 6834
f 6831 6833 6835
f 6831 6835 6836
f 6831 6836 6837
f 6837 6838 6831
f 6839 6830 6831
f 6840 6839 6831
f 6840 6841 6839
f 6842 6830 6839
f 6839 6843 6842
f 6842 6844 6830
f 6844 6845 6830
usemtl material_3
f 6846 6847 6848
f 6846 6848 6849
f 6850 6849 6848
f 6850 6851 6849
f 6851 6850 6852
f 6851 6852 6853
f 6854 6852 6850
f 6854 6855 6852
f 6856 6854 6850
f 6856 6850 6857
f 6858 6856 6857
f 6858 6857 6859
f 6860 6858 6859
f 6860 6859 6861
f 6862 6860 6861
f 6862 6861 6863
f 6864 6862 6863
f 6864 6863 6865
f 6866 6864 6865
f 6866 6865 6867
f 6868 6866 6867
f 6868 6867 6869
f 6870 6868 6869
f 6870 6869 6871
f 6872 6873 6874
f 6872 6874 6875
f 6876 6872 6875
f 6876 6877 6872
f 6878 6877 6876
f 6878 6879 6877
f 6880 6875 6874
f 6880 6874 6881
f 6882 6875 6880
f 6882 6883 6875
f 6884 6883 6882
f 6884 6885 6883
f 6886 6885 6884
f 6886 6887 6885
f 6888 6887 6886
f 6888 6889 6887
f 6890 6889 6888
f 6890 6891 6889
f 6892 6891 6890
f 6892 6893 6891
f 6894 6893 6892
f 6894 6895 6893
f 6896 6895 6894
f 6896 6897 6895
usemtl material_0
f 6898 6899 6900
f 6898 6900 6901
f 6901 6900 6902
f 6901 6902 6903
f 6903 6902 6904
f 6903 6904 6905
f 6905 6904 6906
f 6905 6906 6907
f 6907 6906 6908
f 6907 6908 6909
f 6910 6911 6912
f 6910 6913 6911
f 6913 6914 6911
f 6913 6915 6914
f 6915 6916 6914
f 6915 6917 6916
f 6917 6918 6916
f 6917 6919 6918
f 6919 6920 6918
f 6919 6921 6920
f 6922 6923 6924
f 6922 6924 6925
f 6926 6927 6928
f 6926 6928 6929
f 6930 6931 6932
f 6930 6932 6933
f 6934 6935 6936
f 6934 6936 6937
f 6938 6939 6940
f 6938 6940 6941
f 6942 6943 6944
f 6942 6944 6945
f 6946 6947 6948
f 6946 6948 6949
f 6950 6951 6952
f 6950 6952 6953
f 6954 6955 6956
f 6954 6956 6957
f 6958 6959 6960
f 6958 6960 6961
f 6962 6963 6964
f 6962 6964 6965
f 6966 6967 6968
f 6966 6968 6969
usemtl material_2
f 6970 6971 6972
f 6970 6972 6973
f 6974 6975 6976
f 6974 6976 6977
f 6978 6979 6980
f 6978 6980 6981
usemtl material_0
f 6982 6983 6984
f 6982 6985 6983
f 6985 6986 6983
f 6985 6987 6986
f 6987 6988 6986
f 6987 6989 6988
f 6989 6990 6988
f 6989 6991 6990
f 6991 6992 6990
f 6991 6993 6992
f 6993 6994 6992
f 6993 6995 6994
f 6995 6996 6994
f 6995 6997 6996
f 6998 6999 7000
f 6998 7001 6999
f 7001 7002 6999
f 7001 7003 7002
f 7003 7004 7002
f 7003 7005 7004
f 7005 7006 7004
f 7005 7007 7006
f 7006 7007 7008
f 7006 7008 7009
f 7009 7008 7010
f 7009 7010 7011
f 7012 7011 7010
f 7012 7013 7011
